"user","password","pur_num","oid","cid","mid","new_pwd"
"gsui_20141021_112206_558@qagsecomprod.oib.com","T3sting1",3976148231754,"fZGMtysc5UiS6CTyvMNA_w",1239381124,1254775422,"T3sting1!"
"gsui_20141021_112211_049@qagsecomprod.oib.com","T3sting1",3976405980242,"qPv0yl21bUmsjmE-Tzi-qg",1239381125,1254775423,"T3sting1!"
"gsui_20141021_112214_961@qagsecomprod.oib.com","T3sting1",3976724877699,"HlNJ6CbacUGNfpnfCC0HWg",1239381126,1254775424,"T3sting1!"
"gsui_20141021_112218_998@qagsecomprod.oib.com","T3sting1",3976028999405,"QTyfbe5p8kq5E9aSIL7vwg",1239381127,1254775425,"T3sting1!"
"gsui_20141021_112222_325@qagsecomprod.oib.com","T3sting1",3976958720110,"mktNkG7Lz0u_wakzT3eXmw",1239381128,1254775426,"T3sting1!"
"gsui_20141021_112225_314@qagsecomprod.oib.com","T3sting1",3976765660327,"DRnAu5ONgkqELQX2C040lA",1239381129,1254775427,"T3sting1!"
"gsui_20141021_112229_056@qagsecomprod.oib.com","T3sting1",3976378221566,"zQFX4GfuWUyZxwILogkxVQ",1239381130,1254775428,"T3sting1!"
"gsui_20141021_112232_137@qagsecomprod.oib.com","T3sting1",3976055650350,"rZvkFqTG2UOuwgPipa0OZQ",1239381131,1254775429,"T3sting1!"
"gsui_20141021_112235_408@qagsecomprod.oib.com","T3sting1",3976540342720,"_5JrnPLynUibh3chST5DNQ",1239381132,1254775430,"T3sting1!"
"gsui_20141021_112238_852@qagsecomprod.oib.com","T3sting1",3976528594201,"u--4xN1SfUmQBwrV5OxRLA",1239381133,1254775431,"T3sting1!"
"gsui_20141021_112241_834@qagsecomprod.oib.com","T3sting1",3976467828362,"Va6v6YZ2uUOdno1W2XQgpA",1239381134,1254775432,"T3sting1!"
"gsui_20141021_112244_544@qagsecomprod.oib.com","T3sting1",3976402397523,"wmA5j-2S3UWoCqsayRqCUw",1239381135,1254775433,"T3sting1!"
"gsui_20141021_112246_975@qagsecomprod.oib.com","T3sting1",3976629511914,"Noz_hRdopEebPPjGy_VPwQ",1239381136,1254775434,"T3sting1!"
"gsui_20141021_112249_601@qagsecomprod.oib.com","T3sting1",3976370380147,"fXk4W140h0GqfK8CVKfWXw",1239381137,1254775435,"T3sting1!"
"gsui_20141021_112251_843@qagsecomprod.oib.com","T3sting1",3976885039162,"A9nucWSCvkyTdGSf3_gQtQ",1239381138,1254775436,"T3sting1!"
"gsui_20141021_112254_930@qagsecomprod.oib.com","T3sting1",3976390734810,"MudNnHGLQk2Pu0AEIxSsTQ",1239381139,1254775437,"T3sting1!"
"gsui_20141021_112257_805@qagsecomprod.oib.com","T3sting1",3976803679123,"M6tbH2hh40inJHcfpHydlw",1239381140,1254775438,"T3sting1!"
"gsui_20141021_112301_345@qagsecomprod.oib.com","T3sting1",3976348178086,"GfKrRnLW-kyDGsoV9sC62g",1239381141,1254775439,"T3sting1!"
"gsui_20141021_112306_918@qagsecomprod.oib.com","T3sting1",3976596398899,"vPM2RxXsUkORCfDLSahoGw",1239381142,1254775440,"T3sting1!"
"gsui_20141021_112309_741@qagsecomprod.oib.com","T3sting1",3976645496868,"z14speUjEEOouO1rzZ1SRA",1239381143,1254775441,"T3sting1!"
"gsui_20141021_112312_509@qagsecomprod.oib.com","T3sting1",3976668738097,"atZDR0AA2k27SzqA6AU7xQ",1239381144,1254775442,"T3sting1!"
"gsui_20141021_112315_489@qagsecomprod.oib.com","T3sting1",3976013546831,"lR4nWGUQFkSD6Jf58UTJyA",1239381145,1254775443,"T3sting1!"
"gsui_20141021_112319_502@qagsecomprod.oib.com","T3sting1",3976314802321,"zybcm7equ0_B4HNezhQl7w",1239381146,1254775444,"T3sting1!"
"gsui_20141021_112322_649@qagsecomprod.oib.com","T3sting1",3976466908447,"2VxKnK3oQEusVtpOEthM5g",1239381147,1254775445,"T3sting1!"
"gsui_20141021_112325_791@qagsecomprod.oib.com","T3sting1",3976115939736,"sN7LQO0OA0iyTU6HjxoRbQ",1239381148,1254775446,"T3sting1!"
"gsui_20141021_112328_349@qagsecomprod.oib.com","T3sting1",3976227880489,"N4CXwIjM-06rTGHdcuXmTA",1239381149,1254775447,"T3sting1!"
"gsui_20141021_112332_309@qagsecomprod.oib.com","T3sting1",3976106772146,"eJOwP3z_ukqXnxergot2rA",1239381150,1254775448,"T3sting1!"
"gsui_20141021_112335_518@qagsecomprod.oib.com","T3sting1",3976126134210,"Hy1GoIIq70uJ8zUW_KMDBg",1239381151,1254775449,"T3sting1!"
"gsui_20141021_112338_633@qagsecomprod.oib.com","T3sting1",3976232142883,"h5IPIKuJ_UCVAWh1uJ9Ffw",1239381152,1254775450,"T3sting1!"
"gsui_20141021_112341_990@qagsecomprod.oib.com","T3sting1",3976678130376,"Gi1rgNl58EeF9XNOOsn9Ig",1239381153,1254775451,"T3sting1!"
"gsui_20141021_112344_962@qagsecomprod.oib.com","T3sting1",3976964172041,"p0d6W_28OkOUh6_W_saRsA",1239381154,1254775452,"T3sting1!"
"gsui_20141021_112349_559@qagsecomprod.oib.com","T3sting1",3976886135423,"1TWnXCF-skegie7hmbXZSQ",1239381155,1254775453,"T3sting1!"
"gsui_20141021_112353_258@qagsecomprod.oib.com","T3sting1",3976174903169,"3-cge02kY0eX7RpSksz4Gw",1239381156,1254775454,"T3sting1!"
"gsui_20141021_112357_193@qagsecomprod.oib.com","T3sting1",3976774396368,"c4Rvxv-_REuu_hZwIj7FiA",1239381157,1254775455,"T3sting1!"
"gsui_20141021_112400_676@qagsecomprod.oib.com","T3sting1",3976835680560,"Ml0OyP30AkqVuQtDzm6hVA",1239381158,1254775456,"T3sting1!"
"gsui_20141021_112406_763@qagsecomprod.oib.com","T3sting1",3976906742810,"YN3jUNdOX02ol7edbt7BOw",1239381159,1254775457,"T3sting1!"
"gsui_20141021_112410_418@qagsecomprod.oib.com","T3sting1",3976089817942,"bT26WWHSBEmbjUSBffsnhw",1239381160,1254775458,"T3sting1!"
"gsui_20141021_112414_516@qagsecomprod.oib.com","T3sting1",3976640080972,"8Tcro6uCfEiKEtaNsAjtgg",1239381161,1254775459,"T3sting1!"
"gsui_20141021_112418_636@qagsecomprod.oib.com","T3sting1",3976520938265,"3MZ425VcwECUDRMZnR1CYg",1239381162,1254775460,"T3sting1!"
"gsui_20141021_112422_017@qagsecomprod.oib.com","T3sting1",3976507687513,"W3laiF3v4ESdwqsAZGkQtw",1239381163,1254775461,"T3sting1!"
"gsui_20141021_112425_228@qagsecomprod.oib.com","T3sting1",3976769074657,"0LROIYbP-E67cCl2atnKIg",1239381164,1254775462,"T3sting1!"
"gsui_20141021_112429_133@qagsecomprod.oib.com","T3sting1",3976149403048,"af1NW3eXAUynPAjO1LMqcw",1239381165,1254775463,"T3sting1!"
"gsui_20141021_112432_929@qagsecomprod.oib.com","T3sting1",3976141043180,"WlXkgEBUEkid_5s-7M2Y2w",1239381166,1254775464,"T3sting1!"
"gsui_20141021_112436_579@qagsecomprod.oib.com","T3sting1",3976487435099,"ZdOef5omzU_0DgoU9L6E6Q",1239381167,1254775465,"T3sting1!"
"gsui_20141021_112440_234@qagsecomprod.oib.com","T3sting1",3976672783790,"Y8W0uSOQpUCZrgZAPdQlxQ",1239381168,1254775466,"T3sting1!"
"gsui_20141021_112443_585@qagsecomprod.oib.com","T3sting1",3976183894094,"YZTwuk0mi06BOTBxw-mIkw",1239381169,1254775467,"T3sting1!"
"gsui_20141021_112447_100@qagsecomprod.oib.com","T3sting1",3976121014953,"ddKopnBYjUqEmVRCBfI98w",1239381170,1254775468,"T3sting1!"
"gsui_20141021_112451_435@qagsecomprod.oib.com","T3sting1",3976632922827,"U9EgOzLmeE_Uauxpq9Tm8w",1239381171,1254775469,"T3sting1!"
"gsui_20141021_112454_945@qagsecomprod.oib.com","T3sting1",3976445789579,"3Zh8vBVr6kar_ogCuSfPdQ",1239381172,1254775470,"T3sting1!"
"gsui_20141021_112458_185@qagsecomprod.oib.com","T3sting1",3976310250616,"VaZEhfPTWEyOWmg6ocUBEQ",1239381173,1254775471,"T3sting1!"
"gsui_20141021_112501_605@qagsecomprod.oib.com","T3sting1",3976584516726,"dIlzAeVrUky7gULUAtCvNQ",1239381174,1254775472,"T3sting1!"
"gsui_20141021_112508_673@qagsecomprod.oib.com","T3sting1",3976981381245,"8PUZObS2-keVZQiU-9f05w",1239381175,1254775473,"T3sting1!"
"gsui_20141021_112511_764@qagsecomprod.oib.com","T3sting1",3976892758986,"wacHlCyRDkqUC0roCN_D0A",1239381176,1254775474,"T3sting1!"
"gsui_20141021_112515_267@qagsecomprod.oib.com","T3sting1",3976819493659,"-FXRh7bk6kqmS13_oH7YCg",1239381177,1254775475,"T3sting1!"
"gsui_20141021_112519_388@qagsecomprod.oib.com","T3sting1",3976472921343,"bLXL4-QG9Eeic3iN777Akw",1239381178,1254775476,"T3sting1!"
"gsui_20141021_112522_576@qagsecomprod.oib.com","T3sting1",3976412011734,"MPMfWrhMjU_MsEqfPrdJ2w",1239381179,1254775477,"T3sting1!"
"gsui_20141021_112526_613@qagsecomprod.oib.com","T3sting1",3976003652912,"HXNSfhTja06VmuS0agGx6w",1239381180,1254775478,"T3sting1!"
"gsui_20141021_112530_121@qagsecomprod.oib.com","T3sting1",3976607838172,"c-ZV8vxU-kqKbA_EgbfxRw",1239381181,1254775479,"T3sting1!"
"gsui_20141021_112532_793@qagsecomprod.oib.com","T3sting1",3976959375450,"V7HAd8RjVEy6DQCqaAEvGA",1239381182,1254775480,"T3sting1!"
"gsui_20141021_112536_558@qagsecomprod.oib.com","T3sting1",3976132242767,"15GVWNVhn0CBGJwswA7ihQ",1239381183,1254775481,"T3sting1!"
"gsui_20141021_112541_363@qagsecomprod.oib.com","T3sting1",3976797550926,"mcL3_YaMt0KzLcSYKmDU2Q",1239381184,1254775482,"T3sting1!"
"gsui_20141021_112544_664@qagsecomprod.oib.com","T3sting1",3976570438208,"0chnrRDL0k2DPesPlIzhRg",1239381185,1254775483,"T3sting1!"
"gsui_20141021_112549_730@qagsecomprod.oib.com","T3sting1",3976139423378,"phyBlNnvFUyu2k3dYXQe2A",1239381186,1254775484,"T3sting1!"
"gsui_20141021_112554_545@qagsecomprod.oib.com","T3sting1",3976265183549,"HcWLz72yekykF39_cwptug",1239381187,1254775485,"T3sting1!"
"gsui_20141021_112600_093@qagsecomprod.oib.com","T3sting1",3976979894225,"SYwi3VgfHkevZcdE7n6Ejg",1239381188,1254775486,"T3sting1!"
"gsui_20141021_112603_708@qagsecomprod.oib.com","T3sting1",3976936414257,"aSqr7bmAtUOjKAPdKrFfeQ",1239381189,1254775487,"T3sting1!"
"gsui_20141021_112607_995@qagsecomprod.oib.com","T3sting1",3976185040753,"il9X_VYSdkSb_7YfP8espQ",1239381190,1254775488,"T3sting1!"
"gsui_20141021_112611_544@qagsecomprod.oib.com","T3sting1",3976361787375,"OJV5sin210Se7mq-dDLkeA",1239381191,1254775489,"T3sting1!"
"gsui_20141021_112616_284@qagsecomprod.oib.com","T3sting1",3976053687966,"tCEu30g3DUyR33Hx0VwMlA",1239381192,1254775490,"T3sting1!"
"gsui_20141021_112620_107@qagsecomprod.oib.com","T3sting1",3976579790799,"J8FpuQCLik_zxV9vmpuaAA",1239381193,1254775491,"T3sting1!"
"gsui_20141021_112624_160@qagsecomprod.oib.com","T3sting1",3976680932769,"ZSqsp0Vn5kWbjrts99Tccw",1239381194,1254775492,"T3sting1!"
"gsui_20141021_112628_016@qagsecomprod.oib.com","T3sting1",3976197044777,"ZBXNXO1bI0ig-Pnm43ubrg",1239381195,1254775493,"T3sting1!"
"gsui_20141021_112632_706@qagsecomprod.oib.com","T3sting1",3976607840269,"LzNEG_Pma0_NWJJYRoWNAw",1239381196,1254775494,"T3sting1!"
"gsui_20141021_112636_125@qagsecomprod.oib.com","T3sting1",3976613036605,"GVB52rutwEu1aARPbPh0Tw",1239381197,1254775495,"T3sting1!"
"gsui_20141021_112640_114@qagsecomprod.oib.com","T3sting1",3976682212277,"pgVgF9TQXkeerIqyY8Xzyw",1239381198,1254775496,"T3sting1!"
"gsui_20141021_112642_794@qagsecomprod.oib.com","T3sting1",3976343794689,"7bPRjVUx6kykNqTbbVfrgw",1239381199,1254775497,"T3sting1!"
"gsui_20141021_112645_742@qagsecomprod.oib.com","T3sting1",3976470152776,"b8l5Pmsck0yMLTlpG4ZFjQ",1239381200,1254775498,"T3sting1!"
"gsui_20141021_112650_065@qagsecomprod.oib.com","T3sting1",3976771081815,"VrmNZvQCGE2Amf30Eba4YA",1239381201,1254775499,"T3sting1!"
"gsui_20141021_112654_012@qagsecomprod.oib.com","T3sting1",3976185292875,"8RXfbP9XBUG_YkcrPGz2lA",1239381202,1254775500,"T3sting1!"
"gsui_20141021_112657_461@qagsecomprod.oib.com","T3sting1",3976032594028,"w5q9gCjUx0Gu5A-PDRAMbQ",1239381203,1254775501,"T3sting1!"
"gsui_20141021_112701_845@qagsecomprod.oib.com","T3sting1",3976006458937,"HedDKQSpYkmxLs0WkS5Qvg",1239381204,1254775502,"T3sting1!"
"gsui_20141021_112706_903@qagsecomprod.oib.com","T3sting1",3976725466229,"_9v9LTu6HECX_VShZ5X73A",1239381205,1254775503,"T3sting1!"
"gsui_20141021_112710_486@qagsecomprod.oib.com","T3sting1",3976774750432,"-zkEYonkE06F76cNJxye6Q",1239381206,1254775504,"T3sting1!"
"gsui_20141021_112713_666@qagsecomprod.oib.com","T3sting1",3976174975290,"D0klMxP4VkeJSYspuWU8xA",1239381207,1254775505,"T3sting1!"
"gsui_20141021_112717_472@qagsecomprod.oib.com","T3sting1",3976725449944,"d6BepDlD3Umo_4ZkgAOmCg",1239381208,1254775506,"T3sting1!"
"gsui_20141021_112721_159@qagsecomprod.oib.com","T3sting1",3976240201242,"UOSEmsxFs0eMEX024Wn1Pg",1239381209,1254775507,"T3sting1!"
"gsui_20141021_112724_653@qagsecomprod.oib.com","T3sting1",3976831362775,"DaXo5pUErkuenYn33k3DFA",1239381210,1254775508,"T3sting1!"
"gsui_20141021_112728_090@qagsecomprod.oib.com","T3sting1",3976185227236,"Nb4lvD073UKPt-3p62XvXQ",1239381211,1254775509,"T3sting1!"
"gsui_20141021_112731_992@qagsecomprod.oib.com","T3sting1",3976933340356,"a19rObb_FUSDwDnLzYmK4Q",1239381212,1254775510,"T3sting1!"
"gsui_20141021_112735_541@qagsecomprod.oib.com","T3sting1",3976448070688,"4MMuQJttGkqoEEdDe80kSQ",1239381213,1254775511,"T3sting1!"
"gsui_20141021_112739_381@qagsecomprod.oib.com","T3sting1",3976757591373,"Z35KeoFKWUGynGc8BsZYhg",1239381214,1254775512,"T3sting1!"
"gsui_20141021_112744_012@qagsecomprod.oib.com","T3sting1",3976466433735,"WQ3NiePGvUKUs91l6I9Urg",1239381215,1254775513,"T3sting1!"
"gsui_20141021_112747_746@qagsecomprod.oib.com","T3sting1",3976270426214,"SVCHPNVDQ0So4nN9K9qGew",1239381216,1254775514,"T3sting1!"
"gsui_20141021_112751_560@qagsecomprod.oib.com","T3sting1",3976170572927,"Yxw2C8L5xkOMqfuTAndLWg",1239381217,1254775515,"T3sting1!"
"gsui_20141021_112755_791@qagsecomprod.oib.com","T3sting1",3976128476999,"CTepXUwF9EWI2STZX6pgyg",1239381218,1254775516,"T3sting1!"
"gsui_20141021_112759_102@qagsecomprod.oib.com","T3sting1",3976793429489,"xaxXCWXuxEiN7EcIa43oeA",1239381219,1254775517,"T3sting1!"
"gsui_20141021_112802_603@qagsecomprod.oib.com","T3sting1",3976468195373,"2JXXPm-sjE6zZcxwXYiYog",1239381220,1254775518,"T3sting1!"
"gsui_20141021_112807_572@qagsecomprod.oib.com","T3sting1",3976086017975,"t5yFQO6bak2cigBGgk82zw",1239381221,1254775519,"T3sting1!"
"gsui_20141021_112811_703@qagsecomprod.oib.com","T3sting1",3976201730338,"1e9w3-LaF0GgASH22esAZw",1239381222,1254775520,"T3sting1!"
"gsui_20141021_112815_123@qagsecomprod.oib.com","T3sting1",3976636534537,"oKbP1KiFo0CKbY30BhYWOA",1239381223,1254775521,"T3sting1!"
"gsui_20141021_112818_426@qagsecomprod.oib.com","T3sting1",3976657594097,"jzeIAcjLHkqk7h2tWeK1JA",1239381224,1254775522,"T3sting1!"
"gsui_20141021_112821_988@qagsecomprod.oib.com","T3sting1",3976866315359,"Y7EiJM1NAUSeJdXOkOtVpw",1239381225,1254775523,"T3sting1!"
"gsui_20141021_112825_208@qagsecomprod.oib.com","T3sting1",3976221673781,"EJoPF59Ank_qx4xUj7oWbg",1239381226,1254775524,"T3sting1!"
"gsui_20141021_112828_772@qagsecomprod.oib.com","T3sting1",3976724859507,"JkrbjBF_REK9d_4I5OkaXQ",1239381227,1254775525,"T3sting1!"
"gsui_20141021_112832_079@qagsecomprod.oib.com","T3sting1",3976097564593,"i2vZ65tZbECwmeRD0ZuLbw",1239381228,1254775526,"T3sting1!"
"gsui_20141021_112835_531@qagsecomprod.oib.com","T3sting1",3976684067562,"8qUF5ZNMzUS516oZMEWdtQ",1239381229,1254775527,"T3sting1!"
"gsui_20141021_112838_894@qagsecomprod.oib.com","T3sting1",3976140593482,"7efMAlBoYUG2iWb9oyjGyQ",1239381230,1254775528,"T3sting1!"
"gsui_20141021_112841_969@qagsecomprod.oib.com","T3sting1",3976718031907,"C_j7VzdGy0ywT0N7cs03Pw",1239381231,1254775529,"T3sting1!"
"gsui_20141021_112845_198@qagsecomprod.oib.com","T3sting1",3976881083065,"dcyGBaROREWZaRBVszxEaw",1239381232,1254775530,"T3sting1!"
"gsui_20141021_112848_016@qagsecomprod.oib.com","T3sting1",3976650157710,"zIWZkaUHnUCfu6FlMQlEhw",1239381233,1254775531,"T3sting1!"
"gsui_20141021_112851_439@qagsecomprod.oib.com","T3sting1",3976688496650,"nzpB0WrXQEitxqJat35Mkg",1239381234,1254775532,"T3sting1!"
"gsui_20141021_112855_471@qagsecomprod.oib.com","T3sting1",3976742713173,"LfAtU4GiL0qXaujWbYZazA",1239381235,1254775533,"T3sting1!"
"gsui_20141021_112858_788@qagsecomprod.oib.com","T3sting1",3976828807188,"FovYw7dckkKUl3Neauy0ng",1239381236,1254775534,"T3sting1!"
"gsui_20141021_112902_515@qagsecomprod.oib.com","T3sting1",3976079646228,"akH4qgkVcU6hYbTsvEdKUw",1239381237,1254775535,"T3sting1!"
"gsui_20141021_112907_616@qagsecomprod.oib.com","T3sting1",3976956662165,"Hx2ZmqL1ekS0zWAunJ7xcQ",1239381238,1254775536,"T3sting1!"
"gsui_20141021_112910_023@qagsecomprod.oib.com","T3sting1",3976105216756,"EfJfQfzbY0K_73ARvKTfxg",1239381239,1254775537,"T3sting1!"
"gsui_20141021_112912_410@qagsecomprod.oib.com","T3sting1",3976550257990,"vryqEK4XKUO9koqoKEvVvg",1239381240,1254775538,"T3sting1!"
"gsui_20141021_112915_633@qagsecomprod.oib.com","T3sting1",3976759588583,"_wu9m61RCkiYaE5FWWJSkw",1239381241,1254775539,"T3sting1!"
"gsui_20141021_112919_402@qagsecomprod.oib.com","T3sting1",3976936459567,"Tskq6gNfSk27Gh-fOkDICg",1239381242,1254775540,"T3sting1!"
"gsui_20141021_112922_983@qagsecomprod.oib.com","T3sting1",3976443088594,"mTY9tgmJFkuJqGEPr3toiA",1239381243,1254775541,"T3sting1!"
"gsui_20141021_112926_476@qagsecomprod.oib.com","T3sting1",3976141106771,"y2q8D68E4kWYIJqOW1AoXw",1239381244,1254775542,"T3sting1!"
"gsui_20141021_112929_981@qagsecomprod.oib.com","T3sting1",3976213166679,"4DyTok99tUGq910mjEB5lA",1239381245,1254775543,"T3sting1!"
"gsui_20141021_112933_134@qagsecomprod.oib.com","T3sting1",3976790542532,"BcpiwASQOEut2tHxhl6JFg",1239381246,1254775544,"T3sting1!"
"gsui_20141021_112935_842@qagsecomprod.oib.com","T3sting1",3976350687966,"8BLcW9Nzs0Cppv73ZNKzHg",1239381247,1254775545,"T3sting1!"
"gsui_20141021_112939_335@qagsecomprod.oib.com","T3sting1",3976589307550,"2h2GhNMXJUqsm3zkxR5Zog",1239381248,1254775546,"T3sting1!"
"gsui_20141021_112942_906@qagsecomprod.oib.com","T3sting1",3976686010594,"pX3wIma9X0usHrGqsAIbnQ",1239381249,1254775547,"T3sting1!"
"gsui_20141021_112947_162@qagsecomprod.oib.com","T3sting1",3976319369557,"w2i8x2WOcUyQMyLisQGc_g",1239381250,1254775548,"T3sting1!"
"gsui_20141021_112951_289@qagsecomprod.oib.com","T3sting1",3976217581907,"yhEm1gVRFkqc0O2qozVMUA",1239381251,1254775549,"T3sting1!"
"gsui_20141021_112954_664@qagsecomprod.oib.com","T3sting1",3976192466488,"HKVlDBdBsES4tAcsARdKJQ",1239381252,1254775550,"T3sting1!"
"gsui_20141021_112957_507@qagsecomprod.oib.com","T3sting1",3976616417703,"10pjB6HNiE2vyoy8BPkHIw",1239381253,1254775551,"T3sting1!"
"gsui_20141021_113000_157@qagsecomprod.oib.com","T3sting1",3976781236276,"Wg8tG1l2XkCTbxikmUtwIg",1239381254,1254775552,"T3sting1!"
"gsui_20141021_113005_680@qagsecomprod.oib.com","T3sting1",3976828605301,"L3JHY-uCnEyI0BYl-IJP2Q",1239381255,1254775553,"T3sting1!"
"gsui_20141021_113008_670@qagsecomprod.oib.com","T3sting1",3976724404197,"GeCXojT2DUmroI7Xv--xlA",1239381256,1254775554,"T3sting1!"
"gsui_20141021_113012_180@qagsecomprod.oib.com","T3sting1",3976716763949,"hhqCikyqTkOGSH0nOBA_Wg",1239381257,1254775555,"T3sting1!"
"gsui_20141021_113015_207@qagsecomprod.oib.com","T3sting1",3976279757122,"ch_uwifBA0_inD_CctXfWA",1239381258,1254775556,"T3sting1!"
"gsui_20141021_113020_130@qagsecomprod.oib.com","T3sting1",3976297184358,"yVT3VYlvzEKCDVbVnAhgFg",1239381259,1254775557,"T3sting1!"
"gsui_20141021_113023_139@qagsecomprod.oib.com","T3sting1",3976524251889,"lkhPQgJTFUWFoWCFjJ4kTA",1239381260,1254775558,"T3sting1!"
"gsui_20141021_113026_547@qagsecomprod.oib.com","T3sting1",3976011937925,"IUwzSDiP80SqXHuWqQFXZQ",1239381261,1254775559,"T3sting1!"
"gsui_20141021_113028_960@qagsecomprod.oib.com","T3sting1",3976368962013,"Aj16STGfhUa42m2Yd8hvIQ",1239381262,1254775560,"T3sting1!"
"gsui_20141021_113032_496@qagsecomprod.oib.com","T3sting1",3976417533013,"PS8d0VNNyU2rvs7VVRXUIg",1239381263,1254775561,"T3sting1!"
"gsui_20141021_113036_069@qagsecomprod.oib.com","T3sting1",3976566161723,"t2lp9klrf0WWxqNZoR7pfQ",1239381264,1254775562,"T3sting1!"
"gsui_20141021_113039_488@qagsecomprod.oib.com","T3sting1",3976841295437,"lTPunaPNrUymXOEr4jZjWw",1239381265,1254775563,"T3sting1!"
"gsui_20141021_113042_676@qagsecomprod.oib.com","T3sting1",3976038025142,"hdmTWZce4kK6mDJTuHBsPg",1239381266,1254775564,"T3sting1!"
"gsui_20141021_113047_108@qagsecomprod.oib.com","T3sting1",3976713640405,"rwW3APIyNkOvhmyusQxavA",1239381267,1254775565,"T3sting1!"
"gsui_20141021_113050_249@qagsecomprod.oib.com","T3sting1",3976821609516,"aHsSYZpouUGXNUYilBv-jA",1239381268,1254775566,"T3sting1!"
"gsui_20141021_113054_007@qagsecomprod.oib.com","T3sting1",3976328494628,"Ivv9uvfGfE_D1KkC0tk8sw",1239381269,1254775567,"T3sting1!"
"gsui_20141021_113057_030@qagsecomprod.oib.com","T3sting1",3976936281946,"xbwRSNOfZEGnt1-omE6JCA",1239381270,1254775568,"T3sting1!"
"gsui_20141021_113100_169@qagsecomprod.oib.com","T3sting1",3976099520379,"O055TnssvUuagU6ZSwxLyg",1239381271,1254775569,"T3sting1!"
"gsui_20141021_113106_190@qagsecomprod.oib.com","T3sting1",3976101673570,"iTACvMe6tE2QsesUyQrCCw",1239381272,1254775570,"T3sting1!"
"gsui_20141021_113109_630@qagsecomprod.oib.com","T3sting1",3976450627615,"rb4FcHT1xECe8RKZfSptRg",1239381273,1254775571,"T3sting1!"
"gsui_20141021_113112_513@qagsecomprod.oib.com","T3sting1",3976418150494,"mmFhRaYVKEedjYT0F6r_lg",1239381274,1254775572,"T3sting1!"
"gsui_20141021_113115_534@qagsecomprod.oib.com","T3sting1",3976777333574,"31bdlDFqDEiIvpN3cDlGcQ",1239381275,1254775573,"T3sting1!"
"gsui_20141021_113118_465@qagsecomprod.oib.com","T3sting1",3976117001634,"oMUBlEi7Ekeb7uVw2Lb3rQ",1239381276,1254775574,"T3sting1!"
"gsui_20141021_113121_892@qagsecomprod.oib.com","T3sting1",3976852001575,"9JdQGdcB3kG_wBPNWTI_mQ",1239381277,1254775575,"T3sting1!"
"gsui_20141021_113125_191@qagsecomprod.oib.com","T3sting1",3976544672494,"gMOaGVDxcU_jBjIV1scu4A",1239381278,1254775576,"T3sting1!"
"gsui_20141021_113128_014@qagsecomprod.oib.com","T3sting1",3976650813320,"6xL3RovbsUKCiySMKbxlJQ",1239381279,1254775577,"T3sting1!"
"gsui_20141021_113131_057@qagsecomprod.oib.com","T3sting1",3976462119148,"Kggb1cCdy0uB5WZGEZGbSg",1239381280,1254775578,"T3sting1!"
"gsui_20141021_113133_579@qagsecomprod.oib.com","T3sting1",3976712321866,"Y1796xAn70C2oEcKpDj35w",1239381281,1254775579,"T3sting1!"
"gsui_20141021_113136_472@qagsecomprod.oib.com","T3sting1",3976414023356,"4F4pgFOj9kew--GPWka1dg",1239381282,1254775580,"T3sting1!"
"gsui_20141021_113139_419@qagsecomprod.oib.com","T3sting1",3976576712820,"BO64yI2hLk_uHEVVqoGL9g",1239381283,1254775581,"T3sting1!"
"gsui_20141021_113142_841@qagsecomprod.oib.com","T3sting1",3976682284631,"4s5mpzz46kyQQ5EogZo05g",1239381284,1254775582,"T3sting1!"
"gsui_20141021_113145_621@qagsecomprod.oib.com","T3sting1",3976178983282,"OXgdaAACGkO_LQDa2G1syw",1239381285,1254775583,"T3sting1!"
"gsui_20141021_113150_233@qagsecomprod.oib.com","T3sting1",3976107690248,"UqJqg2sgnkCepbhr1gPZag",1239381286,1254775584,"T3sting1!"
"gsui_20141021_113153_593@qagsecomprod.oib.com","T3sting1",3976080242157,"Y8Mov5mJ7UygCviSiGOnzA",1239381287,1254775585,"T3sting1!"
"gsui_20141021_113156_083@qagsecomprod.oib.com","T3sting1",3976924096553,"HjgpXK00o0KTYXUdAxPWDw",1239381288,1254775586,"T3sting1!"
"gsui_20141021_113159_347@qagsecomprod.oib.com","T3sting1",3976174299204,"TeX-cj2G8kCpOrusCfvs-w",1239381289,1254775587,"T3sting1!"
"gsui_20141021_113201_983@qagsecomprod.oib.com","T3sting1",3976205616210,"jgYciZvUYEatvE4qxcDYHA",1239381290,1254775588,"T3sting1!"
"gsui_20141021_113207_512@qagsecomprod.oib.com","T3sting1",3976395358573,"O8qwi6YQhkSL6clO66W3Yg",1239381291,1254775589,"T3sting1!"
"gsui_20141021_113210_197@qagsecomprod.oib.com","T3sting1",3976020230940,"o6HYxKKSakaPBOPTsyvcfw",1239381292,1254775590,"T3sting1!"
"gsui_20141021_113213_407@qagsecomprod.oib.com","T3sting1",3976363724210,"kxICZFPguUKpwoHWRe5XRg",1239381293,1254775591,"T3sting1!"
"gsui_20141021_113216_569@qagsecomprod.oib.com","T3sting1",3976487802116,"nfsv42A9BU_pqkxMWCyjug",1239381294,1254775592,"T3sting1!"
"gsui_20141021_113219_212@qagsecomprod.oib.com","T3sting1",3976866864448,"Un1TGvGAGk_hssvG2SCuYw",1239381295,1254775593,"T3sting1!"
"gsui_20141021_113222_050@qagsecomprod.oib.com","T3sting1",3976577379488,"3MWYsa3HFUeNngogPZzPVg",1239381296,1254775594,"T3sting1!"
"gsui_20141021_113225_806@qagsecomprod.oib.com","T3sting1",3976190626307,"MYw48saJWkqmjzXjtNfgRg",1239381297,1254775595,"T3sting1!"
"gsui_20141021_113228_376@qagsecomprod.oib.com","T3sting1",3976280209816,"yqwN6PHs_U65PHuLwNvDaA",1239381298,1254775596,"T3sting1!"
"gsui_20141021_113231_034@qagsecomprod.oib.com","T3sting1",3976939984272,"nctzaqZfx0qKHX3QmJywRQ",1239381299,1254775597,"T3sting1!"
"gsui_20141021_113233_520@qagsecomprod.oib.com","T3sting1",3976531644886,"d-Bi3oLk402xiLtOg_1Vhg",1239381300,1254775598,"T3sting1!"
"gsui_20141021_113236_731@qagsecomprod.oib.com","T3sting1",3976144121355,"CaqTWETbrkay-wU2uC5_tg",1239381301,1254775599,"T3sting1!"
"gsui_20141021_113239_344@qagsecomprod.oib.com","T3sting1",3976166661890,"Y7l96qp1q0uXfoZSTY3LiQ",1239381302,1254775600,"T3sting1!"
"gsui_20141021_113241_822@qagsecomprod.oib.com","T3sting1",3976992132082,"0lRsNpXVU0O4SJblxqJjag",1239381303,1254775601,"T3sting1!"
"gsui_20141021_113244_420@qagsecomprod.oib.com","T3sting1",3976483185938,"iCg8PysJwUCsFRA60OvJ2Q",1239381304,1254775602,"T3sting1!"
"gsui_20141021_113246_677@qagsecomprod.oib.com","T3sting1",3976126438777,"6sBMM0dDdEuMYF_GPMA1xw",1239381305,1254775603,"T3sting1!"
"gsui_20141021_113249_076@qagsecomprod.oib.com","T3sting1",3976014471278,"wfHDJCTF30W9k1tT1oK3YQ",1239381306,1254775604,"T3sting1!"
"gsui_20141021_113251_574@qagsecomprod.oib.com","T3sting1",3976404871939,"OrRDgaZ0G0WFRez7BNs_SQ",1239381307,1254775605,"T3sting1!"
"gsui_20141021_113254_202@qagsecomprod.oib.com","T3sting1",3976042523314,"yoa_JSTf80efwq59lA8OfA",1239381308,1254775606,"T3sting1!"
"gsui_20141021_113257_130@qagsecomprod.oib.com","T3sting1",3976941388264,"JqKQMMpGCE6hp5Zs5fPryQ",1239381309,1254775607,"T3sting1!"
"gsui_20141021_113259_433@qagsecomprod.oib.com","T3sting1",3976299743326,"qEBn24NfkEGgfFPceSobTw",1239381310,1254775608,"T3sting1!"
"gsui_20141021_113301_905@qagsecomprod.oib.com","T3sting1",3976212641235,"OTTn95c4XkuQHei9yQ6zPQ",1239381311,1254775609,"T3sting1!"
"gsui_20141021_113306_801@qagsecomprod.oib.com","T3sting1",3976418544233,"WdTvUNeme0SfA5cw1NV-YA",1239381312,1254775610,"T3sting1!"
"gsui_20141021_113309_831@qagsecomprod.oib.com","T3sting1",3976195365257,"vUh0Zs_-FkOXb1Iw2ZPcoA",1239381313,1254775611,"T3sting1!"
"gsui_20141021_113312_392@qagsecomprod.oib.com","T3sting1",3976805158324,"SENPuO5gtEal787PSLl7bw",1239381314,1254775612,"T3sting1!"
"gsui_20141021_113314_730@qagsecomprod.oib.com","T3sting1",3976938701453,"VUH10tNYX0a981DQMgUfmQ",1239381315,1254775613,"T3sting1!"
"gsui_20141021_113317_062@qagsecomprod.oib.com","T3sting1",3976645672435,"T6cL-6yCZUKs7uZQNmTmxg",1239381316,1254775614,"T3sting1!"
"gsui_20141021_113319_611@qagsecomprod.oib.com","T3sting1",3976471312585,"3o83hV-FTUClBbMuWe1FTg",1239381317,1254775615,"T3sting1!"
"gsui_20141021_113322_144@qagsecomprod.oib.com","T3sting1",3976620405082,"OjkTOcLUbk6qkSmdeEFcfg",1239381318,1254775616,"T3sting1!"
"gsui_20141021_113324_904@qagsecomprod.oib.com","T3sting1",3976690473804,"Vd2vDB5iMEyf6akE-5Tw9g",1239381319,1254775617,"T3sting1!"
"gsui_20141021_113327_566@qagsecomprod.oib.com","T3sting1",3976219039904,"V89btYV-y0aeYoQKPA2r5A",1239381320,1254775618,"T3sting1!"
"gsui_20141021_113329_999@qagsecomprod.oib.com","T3sting1",3976526702848,"EFM5hzy1VkygFyrnWh92Hg",1239381321,1254775619,"T3sting1!"
"gsui_20141021_113333_218@qagsecomprod.oib.com","T3sting1",3976297035329,"RLkcZaYsL0KkXirBdSJ4qw",1239381322,1254775620,"T3sting1!"
"gsui_20141021_113336_057@qagsecomprod.oib.com","T3sting1",3976168031597,"p0VmP2M0QUKAEhznWHHcWQ",1239381323,1254775621,"T3sting1!"
"gsui_20141021_113338_654@qagsecomprod.oib.com","T3sting1",3976822434401,"kSZvxTdmp0WG70xOLaK7pg",1239381324,1254775622,"T3sting1!"
"gsui_20141021_113341_567@qagsecomprod.oib.com","T3sting1",3976451478729,"9NLZ4P6wDk27gbPzmAAEjA",1239381325,1254775623,"T3sting1!"
"gsui_20141021_113344_437@qagsecomprod.oib.com","T3sting1",3976678441278,"3h8-hNFg7k_ggC_h8efGZw",1239381326,1254775624,"T3sting1!"
"gsui_20141021_113347_362@qagsecomprod.oib.com","T3sting1",3976401994536,"dN3hLkoFKEGg3fh9nAvHFA",1239381327,1254775625,"T3sting1!"
"gsui_20141021_113350_277@qagsecomprod.oib.com","T3sting1",3976326882345,"1dPCaHZHCkSizmxr89gEMA",1239381328,1254775626,"T3sting1!"
"gsui_20141021_113353_662@qagsecomprod.oib.com","T3sting1",3976004468045,"JrF6xxascE_MqVkTPJ-YfA",1239381329,1254775627,"T3sting1!"
"gsui_20141021_113357_026@qagsecomprod.oib.com","T3sting1",3976135349874,"66KjQBkzUEuENZrNT8H3Pg",1239381330,1254775628,"T3sting1!"
"gsui_20141021_113400_196@qagsecomprod.oib.com","T3sting1",3976506380748,"DbYdcz28y0uDEWfXlunBww",1239381331,1254775629,"T3sting1!"
"gsui_20141021_113406_460@qagsecomprod.oib.com","T3sting1",3976634324360,"ah2xHWvjy0OpcHLzkA8ZVg",1239381332,1254775630,"T3sting1!"
"gsui_20141021_113410_186@qagsecomprod.oib.com","T3sting1",3976565798145,"eVG-eLF_KkyVRBKh3tZG8Q",1239381333,1254775631,"T3sting1!"
"gsui_20141021_113414_307@qagsecomprod.oib.com","T3sting1",3976664435144,"CPWjfpX6tkGXDTxTg6JurA",1239381334,1254775632,"T3sting1!"
"gsui_20141021_113418_301@qagsecomprod.oib.com","T3sting1",3976050974219,"5x8Z9M3zkUqXzsTGwsqX9g",1239381335,1254775633,"T3sting1!"
"gsui_20141021_113422_517@qagsecomprod.oib.com","T3sting1",3976802042620,"SuWeiXKEk0Or-OISBrCI3Q",1239381336,1254775634,"T3sting1!"
"gsui_20141021_113425_926@qagsecomprod.oib.com","T3sting1",3976809804691,"Vho2LPqXYECf9S520u7tRw",1239381337,1254775635,"T3sting1!"
"gsui_20141021_113429_530@qagsecomprod.oib.com","T3sting1",3976188007437,"EP0-503muEmMHHIhsza91w",1239381338,1254775636,"T3sting1!"
"gsui_20141021_113433_528@qagsecomprod.oib.com","T3sting1",3976991996628,"CDsbCV6cK02jYwwK2Rrtmg",1239381339,1254775637,"T3sting1!"
"gsui_20141021_113438_261@qagsecomprod.oib.com","T3sting1",3976826414615,"h90Hiy0RKUyuLHuTp7VTWw",1239381340,1254775638,"T3sting1!"
"gsui_20141021_113442_954@qagsecomprod.oib.com","T3sting1",3976428051328,"AQpAEKloIk6b02PCNPQcpw",1239381341,1254775639,"T3sting1!"
"gsui_20141021_113447_039@qagsecomprod.oib.com","T3sting1",3976394276974,"4ynNlkzhIE_E-AKP7qP6zA",1239381342,1254775640,"T3sting1!"
"gsui_20141021_113451_388@qagsecomprod.oib.com","T3sting1",3976071097925,"3rqwWnCqW06V_Ad634fABA",1239381343,1254775641,"T3sting1!"
"gsui_20141021_113455_155@qagsecomprod.oib.com","T3sting1",3976981751629,"BfDYtsXjR0mSorHcrSSNWQ",1239381344,1254775642,"T3sting1!"
"gsui_20141021_113458_948@qagsecomprod.oib.com","T3sting1",3976618440869,"Dq3aEqnf2EidYyN-vwekng",1239381345,1254775643,"T3sting1!"
"gsui_20141021_113504_525@qagsecomprod.oib.com","T3sting1",3976736665876,"c1CoVQMpNkyOBo2r-IJQbg",1239381346,1254775644,"T3sting1!"
"gsui_20141021_113508_361@qagsecomprod.oib.com","T3sting1",3976065471763,"VY6TsBqE5k6rMwtMYco2-A",1239381347,1254775645,"T3sting1!"
"gsui_20141021_113512_447@qagsecomprod.oib.com","T3sting1",3976618335952,"MLoAD-WrvUetxPA84__gSQ",1239381348,1254775646,"T3sting1!"
"gsui_20141021_113516_258@qagsecomprod.oib.com","T3sting1",3976459584064,"dNWYDB0i8UWIkgCatiBQjg",1239381349,1254775647,"T3sting1!"
"gsui_20141021_113520_293@qagsecomprod.oib.com","T3sting1",3976121062457,"kZTWHMDEOUaKT2NbLLVZ7g",1239381350,1254775648,"T3sting1!"
"gsui_20141021_113523_838@qagsecomprod.oib.com","T3sting1",3976509913958,"TD4-Hmssl0eyhglGuqnF1Q",1239381351,1254775649,"T3sting1!"
"gsui_20141021_113527_280@qagsecomprod.oib.com","T3sting1",3976834228171,"siGMSIKjE02nF_zkwNmPAg",1239381352,1254775650,"T3sting1!"
"gsui_20141021_113530_997@qagsecomprod.oib.com","T3sting1",3976368290316,"0Shj6R2AMkW8ELk4i1ZPqQ",1239381353,1254775651,"T3sting1!"
"gsui_20141021_113534_725@qagsecomprod.oib.com","T3sting1",3976728234475,"FCHOQZ3iwk239qMwBTySOg",1239381354,1254775652,"T3sting1!"
"gsui_20141021_113538_102@qagsecomprod.oib.com","T3sting1",3976015439571,"FvRi9nxrnU_YaOctWEe_oA",1239381355,1254775653,"T3sting1!"
"gsui_20141021_113540_938@qagsecomprod.oib.com","T3sting1",3976738597598,"IL8Dl0RuSEOShenUPxcT9g",1239381356,1254775654,"T3sting1!"
"gsui_20141021_113543_833@qagsecomprod.oib.com","T3sting1",3976172244434,"mLwQRy7QsE_e8Bc6DUXPhQ",1239381357,1254775655,"T3sting1!"
"gsui_20141021_113547_716@qagsecomprod.oib.com","T3sting1",3976627683632,"zFbSMMLXEEy43Bx-nvL7JQ",1239381358,1254775656,"T3sting1!"
"gsui_20141021_113550_406@qagsecomprod.oib.com","T3sting1",3976337249799,"0ruWT0ypT0KDG6h_C1YN8g",1239381359,1254775657,"T3sting1!"
"gsui_20141021_113553_946@qagsecomprod.oib.com","T3sting1",3976972672255,"3jvO-cD6xUeYylr_-D6wMg",1239381360,1254775658,"T3sting1!"
"gsui_20141021_113557_148@qagsecomprod.oib.com","T3sting1",3976505882322,"ldJq9urnRk27XTD39zEXoA",1239381361,1254775659,"T3sting1!"
"gsui_20141021_113600_564@qagsecomprod.oib.com","T3sting1",3976901857589,"9i5mN9NVCkGs2-D0e5FmOg",1239381362,1254775660,"T3sting1!"
"gsui_20141021_113603_323@qagsecomprod.oib.com","T3sting1",3976781695448,"JQA_sACvvUS58m3ECoPlvw",1239381363,1254775661,"T3sting1!"
"gsui_20141021_113608_115@qagsecomprod.oib.com","T3sting1",3976635656158,"lZCuqszqdUWTbz0GbehaEQ",1239381364,1254775662,"T3sting1!"
"gsui_20141021_113611_280@qagsecomprod.oib.com","T3sting1",3976089459018,"wt_stFf1VkaXKSVqSG6f-g",1239381365,1254775663,"T3sting1!"
"gsui_20141021_113615_098@qagsecomprod.oib.com","T3sting1",3976168400362,"NmYnXc276EqrmOQeTTeFiA",1239381366,1254775664,"T3sting1!"
"gsui_20141021_113617_909@qagsecomprod.oib.com","T3sting1",3976780193346,"pa2sUsY5lUSqyBQlN3zSTA",1239381367,1254775665,"T3sting1!"
"gsui_20141021_113621_150@qagsecomprod.oib.com","T3sting1",3976501788929,"LP8GZ3twhkeuxNSPPI09xw",1239381368,1254775666,"T3sting1!"
"gsui_20141021_113624_803@qagsecomprod.oib.com","T3sting1",3976472856523,"HN9srynW70SI6RlijMFiKg",1239381369,1254775667,"T3sting1!"
"gsui_20141021_113628_349@qagsecomprod.oib.com","T3sting1",3976076904182,"ME_VRgSPDU_DG9Ki7SBA3A",1239381370,1254775668,"T3sting1!"
"gsui_20141021_113631_944@qagsecomprod.oib.com","T3sting1",3976414900462,"BPDJKNff90OEAaXfDAF4Tg",1239381371,1254775669,"T3sting1!"
"gsui_20141021_113636_270@qagsecomprod.oib.com","T3sting1",3976892343037,"AzcAeBJA3UWt5f2eIuh8Fg",1239381372,1254775670,"T3sting1!"
"gsui_20141021_113640_512@qagsecomprod.oib.com","T3sting1",3976724383219,"u3CsCb3YBEWO1J2krpw60A",1239381373,1254775671,"T3sting1!"
"gsui_20141021_113643_748@qagsecomprod.oib.com","T3sting1",3976495079558,"5zE7KMNOckWcbasofNaWuA",1239381374,1254775672,"T3sting1!"
"gsui_20141021_113646_991@qagsecomprod.oib.com","T3sting1",3976046044689,"N9B3bFx9sEqOMrhP_wKJQw",1239381375,1254775673,"T3sting1!"
"gsui_20141021_113649_898@qagsecomprod.oib.com","T3sting1",3976839333539,"L9gJpPncvEaSqXIDDFSxCQ",1239381376,1254775674,"T3sting1!"
"gsui_20141021_113653_473@qagsecomprod.oib.com","T3sting1",3976316131893,"su3FibFN_kC92LTzuXgApQ",1239381377,1254775675,"T3sting1!"
"gsui_20141021_113656_342@qagsecomprod.oib.com","T3sting1",3976001201050,"tDbdhcs03k2YZUl-uRVKBQ",1239381378,1254775676,"T3sting1!"
"gsui_20141021_113659_420@qagsecomprod.oib.com","T3sting1",3976612432938,"w1VI6Eq0DUKxkv-vC926DA",1239381379,1254775677,"T3sting1!"
"gsui_20141021_113703_917@qagsecomprod.oib.com","T3sting1",3976560515957,"uqexUjF5mEm-UyGS48f_Wg",1239381380,1254775678,"T3sting1!"
"gsui_20141021_113708_196@qagsecomprod.oib.com","T3sting1",3976222393710,"g_HKZa1Is0Slu1WypWsSgg",1239381381,1254775679,"T3sting1!"
"gsui_20141021_113711_706@qagsecomprod.oib.com","T3sting1",3976396283788,"E_co4Q_4sUy7XqR4cX3_KQ",1239381382,1254775680,"T3sting1!"
"gsui_20141021_113714_546@qagsecomprod.oib.com","T3sting1",3976143957957,"yi2yjh1J_ki2hA4g6mDUPQ",1239381383,1254775681,"T3sting1!"
"gsui_20141021_113717_800@qagsecomprod.oib.com","T3sting1",3976937799904,"Ebl40JeZpEKoMaN6FrqPSw",1239381384,1254775682,"T3sting1!"
"gsui_20141021_113722_099@qagsecomprod.oib.com","T3sting1",3976749000640,"kF6FpM55n0OvO_YCtEEiww",1239381385,1254775683,"T3sting1!"
"gsui_20141021_113725_130@qagsecomprod.oib.com","T3sting1",3976951568482,"0nuMO8mHXkKfZgBatRQ7sw",1239381386,1254775684,"T3sting1!"
"gsui_20141021_113729_130@qagsecomprod.oib.com","T3sting1",3976284141858,"2fOSTR-7GEikQ67ngWnHkw",1239381387,1254775685,"T3sting1!"
"gsui_20141021_113732_238@qagsecomprod.oib.com","T3sting1",3976435509375,"xo1dvseMzES3tXwfF6QTTg",1239381388,1254775686,"T3sting1!"
"gsui_20141021_113735_796@qagsecomprod.oib.com","T3sting1",3976664420997,"A1m067JXD0ak7daCES7dWA",1239381389,1254775687,"T3sting1!"
"gsui_20141021_113740_074@qagsecomprod.oib.com","T3sting1",3976288604018,"ZP0JJN1g502nU79qSuq-Zw",1239381390,1254775688,"T3sting1!"
"gsui_20141021_110624_851@qagsecomprod.oib.com","p#@vj6462N",3976410617516,"Xs0m2NgnLkClZEeIrRMArA",1239380927,1254775225,"T3sting1!"
