"email_address","password"
"Gamestop.Soasta026@gmail.com","Gamestop026"
"Gamestop.Soasta027@gmail.com","Gamestop027"
"Gamestop.Soasta028@gmail.com","Gamestop028"
"Gamestop.Soasta029@gmail.com","Gamestop029"
"Gamestop.Soasta030@gmail.com","Gamestop030"
"Gamestop.Soasta031@gmail.com","Gamestop031"
"Gamestop.Soasta032@gmail.com","Gamestop032"
"Gamestop.Soasta033@gmail.com","Gamestop033"
"Gamestop.Soasta034@gmail.com","Gamestop034"
"Gamestop.Soasta035@gmail.com","Gamestop035"
"Gamestop.Soasta036@gmail.com","Gamestop036"
"Gamestop.Soasta037@gmail.com","Gamestop037"
"Gamestop.Soasta038@gmail.com","Gamestop038"
"Gamestop.Soasta039@gmail.com","Gamestop039"
"Gamestop.Soasta040@gmail.com","Gamestop040"
"Gamestop.Soasta041@gmail.com","Gamestop041"
"Gamestop.Soasta042@gmail.com","Gamestop042"
"Gamestop.Soasta043@gmail.com","Gamestop043"
"Gamestop.Soasta044@gmail.com","Gamestop044"
"Gamestop.Soasta045@gmail.com","Gamestop045"
"Gamestop.Soasta046@gmail.com","Gamestop046"
"Gamestop.Soasta047@gmail.com","Gamestop047"
"Gamestop.Soasta048@gmail.com","Gamestop048"
"Gamestop.Soasta049@gmail.com","Gamestop049"
"Gamestop.Soasta050@gmail.com","Gamestop050"
"Gamestop.Soasta051@gmail.com","Gamestop051"
"Gamestop.Soasta052@gmail.com","Gamestop052"
"Gamestop.Soasta053@gmail.com","Gamestop053"
"Gamestop.Soasta054@gmail.com","Gamestop054"
"Gamestop.Soasta055@gmail.com","Gamestop055"
"Gamestop.Soasta056@gmail.com","Gamestop056"
"Gamestop.Soasta057@gmail.com","Gamestop057"
"Gamestop.Soasta058@gmail.com","Gamestop058"
"Gamestop.Soasta059@gmail.com","Gamestop059"
"Gamestop.Soasta060@gmail.com","Gamestop060"
"Gamestop.Soasta061@gmail.com","Gamestop061"
"Gamestop.Soasta062@gmail.com","Gamestop062"
"Gamestop.Soasta063@gmail.com","Gamestop063"
"Gamestop.Soasta064@gmail.com","Gamestop064"
"Gamestop.Soasta065@gmail.com","Gamestop065"
"Gamestop.Soasta066@gmail.com","Gamestop066"
"Gamestop.Soasta067@gmail.com","Gamestop067"
"Gamestop.Soasta068@gmail.com","Gamestop068"
"Gamestop.Soasta069@gmail.com","Gamestop069"
"Gamestop.Soasta070@gmail.com","Gamestop070"
"Gamestop.Soasta071@gmail.com","Gamestop071"
"Gamestop.Soasta072@gmail.com","Gamestop072"
"Gamestop.Soasta073@gmail.com","Gamestop073"
"Gamestop.Soasta074@gmail.com","Gamestop074"
"Gamestop.Soasta075@gmail.com","Gamestop075"
"Gamestop.Soasta076@gmail.com","Gamestop076"
"Gamestop.Soasta077@gmail.com","Gamestop077"
"Gamestop.Soasta078@gmail.com","Gamestop078"
"Gamestop.Soasta079@gmail.com","Gamestop079"
"Gamestop.Soasta080@gmail.com","Gamestop080"
"Gamestop.Soasta081@gmail.com","Gamestop081"
"Gamestop.Soasta082@gmail.com","Gamestop082"
"Gamestop.Soasta083@gmail.com","Gamestop083"
"Gamestop.Soasta084@gmail.com","Gamestop084"
"Gamestop.Soasta085@gmail.com","Gamestop085"
"Gamestop.Soasta086@gmail.com","Gamestop086"
"Gamestop.Soasta087@gmail.com","Gamestop087"
"Gamestop.Soasta088@gmail.com","Gamestop088"
"Gamestop.Soasta089@gmail.com","Gamestop089"
"Gamestop.Soasta090@gmail.com","Gamestop090"
"Gamestop.Soasta091@gmail.com","Gamestop091"
"Gamestop.Soasta092@gmail.com","Gamestop092"
"Gamestop.Soasta093@gmail.com","Gamestop093"
"Gamestop.Soasta094@gmail.com","Gamestop094"
"Gamestop.Soasta095@gmail.com","Gamestop095"
"Gamestop.Soasta096@gmail.com","Gamestop096"
"Gamestop.Soasta097@gmail.com","Gamestop097"
"Gamestop.Soasta098@gmail.com","Gamestop098"
"Gamestop.Soasta099@gmail.com","Gamestop099"
"Gamestop.Soasta100@gmail.com","Gamestop100"
"Gamestop.Soasta101@gmail.com","Gamestop101"
"Gamestop.Soasta102@gmail.com","Gamestop102"
"Gamestop.Soasta103@gmail.com","Gamestop103"
"Gamestop.Soasta104@gmail.com","Gamestop104"
"Gamestop.Soasta105@gmail.com","Gamestop105"
"Gamestop.Soasta106@gmail.com","Gamestop106"
"Gamestop.Soasta107@gmail.com","Gamestop107"
"Gamestop.Soasta108@gmail.com","Gamestop108"
"Gamestop.Soasta109@gmail.com","Gamestop109"
"Gamestop.Soasta110@gmail.com","Gamestop110"
"Gamestop.Soasta111@gmail.com","Gamestop111"
"Gamestop.Soasta112@gmail.com","Gamestop112"
"Gamestop.Soasta113@gmail.com","Gamestop113"
"Gamestop.Soasta114@gmail.com","Gamestop114"
"Gamestop.Soasta115@gmail.com","Gamestop115"
"Gamestop.Soasta116@gmail.com","Gamestop116"
"Gamestop.Soasta117@gmail.com","Gamestop117"
"Gamestop.Soasta118@gmail.com","Gamestop118"
"Gamestop.Soasta119@gmail.com","Gamestop119"
"Gamestop.Soasta120@gmail.com","Gamestop120"
"Gamestop.Soasta121@gmail.com","Gamestop121"
"Gamestop.Soasta122@gmail.com","Gamestop122"
"Gamestop.Soasta123@gmail.com","Gamestop123"
"Gamestop.Soasta124@gmail.com","Gamestop124"
"Gamestop.Soasta125@gmail.com","Gamestop125"
"Gamestop.Soasta126@gmail.com","Gamestop126"
"Gamestop.Soasta127@gmail.com","Gamestop127"
"Gamestop.Soasta128@gmail.com","Gamestop128"
"Gamestop.Soasta129@gmail.com","Gamestop129"
"Gamestop.Soasta130@gmail.com","Gamestop130"
"Gamestop.Soasta131@gmail.com","Gamestop131"
"Gamestop.Soasta132@gmail.com","Gamestop132"
"Gamestop.Soasta133@gmail.com","Gamestop133"
"Gamestop.Soasta134@gmail.com","Gamestop134"
"Gamestop.Soasta135@gmail.com","Gamestop135"
"Gamestop.Soasta136@gmail.com","Gamestop136"
"Gamestop.Soasta137@gmail.com","Gamestop137"
"Gamestop.Soasta138@gmail.com","Gamestop138"
"Gamestop.Soasta139@gmail.com","Gamestop139"
"Gamestop.Soasta140@gmail.com","Gamestop140"
"Gamestop.Soasta141@gmail.com","Gamestop141"
"Gamestop.Soasta142@gmail.com","Gamestop142"
"Gamestop.Soasta143@gmail.com","Gamestop143"
"Gamestop.Soasta144@gmail.com","Gamestop144"
"Gamestop.Soasta145@gmail.com","Gamestop145"
"Gamestop.Soasta146@gmail.com","Gamestop146"
"Gamestop.Soasta147@gmail.com","Gamestop147"
"Gamestop.Soasta148@gmail.com","Gamestop148"
"Gamestop.Soasta149@gmail.com","Gamestop149"
"Gamestop.Soasta150@gmail.com","Gamestop150"
"Gamestop.Soasta151@gmail.com","Gamestop151"
"Gamestop.Soasta152@gmail.com","Gamestop152"
"Gamestop.Soasta153@gmail.com","Gamestop153"
"Gamestop.Soasta154@gmail.com","Gamestop154"
"Gamestop.Soasta155@gmail.com","Gamestop155"
"Gamestop.Soasta156@gmail.com","Gamestop156"
"Gamestop.Soasta157@gmail.com","Gamestop157"
"Gamestop.Soasta158@gmail.com","Gamestop158"
"Gamestop.Soasta159@gmail.com","Gamestop159"
"Gamestop.Soasta160@gmail.com","Gamestop160"
"Gamestop.Soasta161@gmail.com","Gamestop161"
"Gamestop.Soasta162@gmail.com","Gamestop162"
"Gamestop.Soasta163@gmail.com","Gamestop163"
"Gamestop.Soasta164@gmail.com","Gamestop164"
"Gamestop.Soasta165@gmail.com","Gamestop165"
"Gamestop.Soasta166@gmail.com","Gamestop166"
"Gamestop.Soasta167@gmail.com","Gamestop167"
"Gamestop.Soasta168@gmail.com","Gamestop168"
"Gamestop.Soasta169@gmail.com","Gamestop169"
"Gamestop.Soasta170@gmail.com","Gamestop170"
"Gamestop.Soasta171@gmail.com","Gamestop171"
"Gamestop.Soasta172@gmail.com","Gamestop172"
"Gamestop.Soasta173@gmail.com","Gamestop173"
"Gamestop.Soasta174@gmail.com","Gamestop174"
"Gamestop.Soasta175@gmail.com","Gamestop175"
"Gamestop.Soasta176@gmail.com","Gamestop176"
"Gamestop.Soasta177@gmail.com","Gamestop177"
"Gamestop.Soasta178@gmail.com","Gamestop178"
"Gamestop.Soasta179@gmail.com","Gamestop179"
"Gamestop.Soasta180@gmail.com","Gamestop180"
"Gamestop.Soasta181@gmail.com","Gamestop181"
"Gamestop.Soasta182@gmail.com","Gamestop182"
"Gamestop.Soasta183@gmail.com","Gamestop183"
"Gamestop.Soasta184@gmail.com","Gamestop184"
"Gamestop.Soasta185@gmail.com","Gamestop185"
"Gamestop.Soasta186@gmail.com","Gamestop186"
"Gamestop.Soasta187@gmail.com","Gamestop187"
"Gamestop.Soasta188@gmail.com","Gamestop188"
"Gamestop.Soasta189@gmail.com","Gamestop189"
"Gamestop.Soasta190@gmail.com","Gamestop190"
"Gamestop.Soasta191@gmail.com","Gamestop191"
"Gamestop.Soasta192@gmail.com","Gamestop192"
"Gamestop.Soasta193@gmail.com","Gamestop193"
"Gamestop.Soasta194@gmail.com","Gamestop194"
"Gamestop.Soasta195@gmail.com","Gamestop195"
"Gamestop.Soasta196@gmail.com","Gamestop196"
"Gamestop.Soasta197@gmail.com","Gamestop197"
"Gamestop.Soasta198@gmail.com","Gamestop198"
"Gamestop.Soasta199@gmail.com","Gamestop199"
"Gamestop.Soasta200@gmail.com","Gamestop200"
"Gamestop.Soasta201@gmail.com","Gamestop201"
"Gamestop.Soasta202@gmail.com","Gamestop202"
"Gamestop.Soasta203@gmail.com","Gamestop203"
"Gamestop.Soasta204@gmail.com","Gamestop204"
"Gamestop.Soasta205@gmail.com","Gamestop205"
"Gamestop.Soasta206@gmail.com","Gamestop206"
"Gamestop.Soasta207@gmail.com","Gamestop207"
"Gamestop.Soasta208@gmail.com","Gamestop208"
"Gamestop.Soasta209@gmail.com","Gamestop209"
"Gamestop.Soasta210@gmail.com","Gamestop210"
"Gamestop.Soasta211@gmail.com","Gamestop211"
"Gamestop.Soasta212@gmail.com","Gamestop212"
"Gamestop.Soasta213@gmail.com","Gamestop213"
"Gamestop.Soasta214@gmail.com","Gamestop214"
"Gamestop.Soasta215@gmail.com","Gamestop215"
"Gamestop.Soasta216@gmail.com","Gamestop216"
"Gamestop.Soasta217@gmail.com","Gamestop217"
"Gamestop.Soasta218@gmail.com","Gamestop218"
"Gamestop.Soasta219@gmail.com","Gamestop219"
"Gamestop.Soasta220@gmail.com","Gamestop220"
"Gamestop.Soasta221@gmail.com","Gamestop221"
"Gamestop.Soasta222@gmail.com","Gamestop222"
"Gamestop.Soasta223@gmail.com","Gamestop223"
"Gamestop.Soasta224@gmail.com","Gamestop224"
"Gamestop.Soasta225@gmail.com","Gamestop225"
"Gamestop.Soasta226@gmail.com","Gamestop226"
"Gamestop.Soasta227@gmail.com","Gamestop227"
"Gamestop.Soasta228@gmail.com","Gamestop228"
"Gamestop.Soasta229@gmail.com","Gamestop229"
"Gamestop.Soasta230@gmail.com","Gamestop230"
"Gamestop.Soasta231@gmail.com","Gamestop231"
"Gamestop.Soasta232@gmail.com","Gamestop232"
"Gamestop.Soasta233@gmail.com","Gamestop233"
"Gamestop.Soasta234@gmail.com","Gamestop234"
"Gamestop.Soasta235@gmail.com","Gamestop235"
"Gamestop.Soasta236@gmail.com","Gamestop236"
"Gamestop.Soasta237@gmail.com","Gamestop237"
"Gamestop.Soasta238@gmail.com","Gamestop238"
"Gamestop.Soasta239@gmail.com","Gamestop239"
"Gamestop.Soasta240@gmail.com","Gamestop240"
"Gamestop.Soasta241@gmail.com","Gamestop241"
"Gamestop.Soasta242@gmail.com","Gamestop242"
"Gamestop.Soasta243@gmail.com","Gamestop243"
"Gamestop.Soasta244@gmail.com","Gamestop244"
"Gamestop.Soasta245@gmail.com","Gamestop245"
"Gamestop.Soasta246@gmail.com","Gamestop246"
"Gamestop.Soasta247@gmail.com","Gamestop247"
"Gamestop.Soasta248@gmail.com","Gamestop248"
"Gamestop.Soasta249@gmail.com","Gamestop249"
"Gamestop.Soasta250@gmail.com","Gamestop250"
"Gamestop.Soasta251@gmail.com","Gamestop251"
"Gamestop.Soasta252@gmail.com","Gamestop252"
"Gamestop.Soasta253@gmail.com","Gamestop253"
"Gamestop.Soasta254@gmail.com","Gamestop254"
"Gamestop.Soasta255@gmail.com","Gamestop255"
"Gamestop.Soasta256@gmail.com","Gamestop256"
"Gamestop.Soasta257@gmail.com","Gamestop257"
"Gamestop.Soasta258@gmail.com","Gamestop258"
"Gamestop.Soasta259@gmail.com","Gamestop259"
"Gamestop.Soasta260@gmail.com","Gamestop260"
"Gamestop.Soasta261@gmail.com","Gamestop261"
"Gamestop.Soasta262@gmail.com","Gamestop262"
"Gamestop.Soasta263@gmail.com","Gamestop263"
"Gamestop.Soasta264@gmail.com","Gamestop264"
"Gamestop.Soasta265@gmail.com","Gamestop265"
"Gamestop.Soasta266@gmail.com","Gamestop266"
"Gamestop.Soasta267@gmail.com","Gamestop267"
"Gamestop.Soasta268@gmail.com","Gamestop268"
"Gamestop.Soasta269@gmail.com","Gamestop269"
"Gamestop.Soasta270@gmail.com","Gamestop270"
"Gamestop.Soasta271@gmail.com","Gamestop271"
"Gamestop.Soasta272@gmail.com","Gamestop272"
"Gamestop.Soasta273@gmail.com","Gamestop273"
"Gamestop.Soasta274@gmail.com","Gamestop274"
"Gamestop.Soasta275@gmail.com","Gamestop275"
"Gamestop.Soasta276@gmail.com","Gamestop276"
"Gamestop.Soasta277@gmail.com","Gamestop277"
"Gamestop.Soasta278@gmail.com","Gamestop278"
"Gamestop.Soasta279@gmail.com","Gamestop279"
"Gamestop.Soasta280@gmail.com","Gamestop280"
"Gamestop.Soasta281@gmail.com","Gamestop281"
"Gamestop.Soasta282@gmail.com","Gamestop282"
"Gamestop.Soasta283@gmail.com","Gamestop283"
"Gamestop.Soasta284@gmail.com","Gamestop284"
"Gamestop.Soasta285@gmail.com","Gamestop285"
"Gamestop.Soasta286@gmail.com","Gamestop286"
"Gamestop.Soasta287@gmail.com","Gamestop287"
"Gamestop.Soasta288@gmail.com","Gamestop288"
"Gamestop.Soasta289@gmail.com","Gamestop289"
"Gamestop.Soasta290@gmail.com","Gamestop290"
"Gamestop.Soasta291@gmail.com","Gamestop291"
"Gamestop.Soasta292@gmail.com","Gamestop292"
"Gamestop.Soasta293@gmail.com","Gamestop293"
"Gamestop.Soasta294@gmail.com","Gamestop294"
"Gamestop.Soasta295@gmail.com","Gamestop295"
"Gamestop.Soasta296@gmail.com","Gamestop296"
"Gamestop.Soasta297@gmail.com","Gamestop297"
"Gamestop.Soasta298@gmail.com","Gamestop298"
"Gamestop.Soasta299@gmail.com","Gamestop299"
"Gamestop.Soasta300@gmail.com","Gamestop300"
"Gamestop.Soasta301@gmail.com","Gamestop301"
"Gamestop.Soasta302@gmail.com","Gamestop302"
"Gamestop.Soasta303@gmail.com","Gamestop303"
"Gamestop.Soasta304@gmail.com","Gamestop304"
"Gamestop.Soasta305@gmail.com","Gamestop305"
"Gamestop.Soasta306@gmail.com","Gamestop306"
"Gamestop.Soasta307@gmail.com","Gamestop307"
"Gamestop.Soasta308@gmail.com","Gamestop308"
"Gamestop.Soasta309@gmail.com","Gamestop309"
"Gamestop.Soasta310@gmail.com","Gamestop310"
"Gamestop.Soasta311@gmail.com","Gamestop311"
"Gamestop.Soasta312@gmail.com","Gamestop312"
"Gamestop.Soasta313@gmail.com","Gamestop313"
"Gamestop.Soasta314@gmail.com","Gamestop314"
"Gamestop.Soasta315@gmail.com","Gamestop315"
"Gamestop.Soasta316@gmail.com","Gamestop316"
"Gamestop.Soasta317@gmail.com","Gamestop317"
"Gamestop.Soasta318@gmail.com","Gamestop318"
"Gamestop.Soasta319@gmail.com","Gamestop319"
"Gamestop.Soasta320@gmail.com","Gamestop320"
"Gamestop.Soasta321@gmail.com","Gamestop321"
"Gamestop.Soasta322@gmail.com","Gamestop322"
"Gamestop.Soasta323@gmail.com","Gamestop323"
"Gamestop.Soasta324@gmail.com","Gamestop324"
"Gamestop.Soasta325@gmail.com","Gamestop325"
"Gamestop.Soasta326@gmail.com","Gamestop326"
"Gamestop.Soasta327@gmail.com","Gamestop327"
"Gamestop.Soasta328@gmail.com","Gamestop328"
"Gamestop.Soasta329@gmail.com","Gamestop329"
"Gamestop.Soasta330@gmail.com","Gamestop330"
"Gamestop.Soasta331@gmail.com","Gamestop331"
"Gamestop.Soasta332@gmail.com","Gamestop332"
"Gamestop.Soasta333@gmail.com","Gamestop333"
"Gamestop.Soasta334@gmail.com","Gamestop334"
"Gamestop.Soasta335@gmail.com","Gamestop335"
"Gamestop.Soasta336@gmail.com","Gamestop336"
"Gamestop.Soasta337@gmail.com","Gamestop337"
"Gamestop.Soasta338@gmail.com","Gamestop338"
"Gamestop.Soasta339@gmail.com","Gamestop339"
"Gamestop.Soasta340@gmail.com","Gamestop340"
"Gamestop.Soasta341@gmail.com","Gamestop341"
"Gamestop.Soasta342@gmail.com","Gamestop342"
"Gamestop.Soasta343@gmail.com","Gamestop343"
"Gamestop.Soasta344@gmail.com","Gamestop344"
"Gamestop.Soasta345@gmail.com","Gamestop345"
"Gamestop.Soasta346@gmail.com","Gamestop346"
"Gamestop.Soasta347@gmail.com","Gamestop347"
"Gamestop.Soasta348@gmail.com","Gamestop348"
"Gamestop.Soasta349@gmail.com","Gamestop349"
"Gamestop.Soasta350@gmail.com","Gamestop350"
"Gamestop.Soasta351@gmail.com","Gamestop351"
"Gamestop.Soasta352@gmail.com","Gamestop352"
"Gamestop.Soasta353@gmail.com","Gamestop353"
"Gamestop.Soasta354@gmail.com","Gamestop354"
"Gamestop.Soasta355@gmail.com","Gamestop355"
"Gamestop.Soasta356@gmail.com","Gamestop356"
"Gamestop.Soasta357@gmail.com","Gamestop357"
"Gamestop.Soasta358@gmail.com","Gamestop358"
"Gamestop.Soasta359@gmail.com","Gamestop359"
"Gamestop.Soasta360@gmail.com","Gamestop360"
"Gamestop.Soasta361@gmail.com","Gamestop361"
"Gamestop.Soasta362@gmail.com","Gamestop362"
"Gamestop.Soasta363@gmail.com","Gamestop363"
"Gamestop.Soasta364@gmail.com","Gamestop364"
"Gamestop.Soasta365@gmail.com","Gamestop365"
"Gamestop.Soasta366@gmail.com","Gamestop366"
"Gamestop.Soasta367@gmail.com","Gamestop367"
"Gamestop.Soasta368@gmail.com","Gamestop368"
"Gamestop.Soasta369@gmail.com","Gamestop369"
"Gamestop.Soasta370@gmail.com","Gamestop370"
"Gamestop.Soasta371@gmail.com","Gamestop371"
"Gamestop.Soasta372@gmail.com","Gamestop372"
"Gamestop.Soasta373@gmail.com","Gamestop373"
"Gamestop.Soasta374@gmail.com","Gamestop374"
"Gamestop.Soasta375@gmail.com","Gamestop375"
"Gamestop.Soasta376@gmail.com","Gamestop376"
"Gamestop.Soasta377@gmail.com","Gamestop377"
"Gamestop.Soasta378@gmail.com","Gamestop378"
"Gamestop.Soasta379@gmail.com","Gamestop379"
"Gamestop.Soasta380@gmail.com","Gamestop380"
"Gamestop.Soasta381@gmail.com","Gamestop381"
"Gamestop.Soasta382@gmail.com","Gamestop382"
"Gamestop.Soasta383@gmail.com","Gamestop383"
"Gamestop.Soasta384@gmail.com","Gamestop384"
"Gamestop.Soasta385@gmail.com","Gamestop385"
"Gamestop.Soasta386@gmail.com","Gamestop386"
"Gamestop.Soasta387@gmail.com","Gamestop387"
"Gamestop.Soasta388@gmail.com","Gamestop388"
"Gamestop.Soasta389@gmail.com","Gamestop389"
"Gamestop.Soasta390@gmail.com","Gamestop390"
"Gamestop.Soasta391@gmail.com","Gamestop391"
"Gamestop.Soasta392@gmail.com","Gamestop392"
"Gamestop.Soasta393@gmail.com","Gamestop393"
"Gamestop.Soasta394@gmail.com","Gamestop394"
"Gamestop.Soasta395@gmail.com","Gamestop395"
"Gamestop.Soasta396@gmail.com","Gamestop396"
"Gamestop.Soasta397@gmail.com","Gamestop397"
"Gamestop.Soasta398@gmail.com","Gamestop398"
"Gamestop.Soasta399@gmail.com","Gamestop399"
"Gamestop.Soasta400@gmail.com","Gamestop400"
"Gamestop.Soasta401@gmail.com","Gamestop401"
"Gamestop.Soasta402@gmail.com","Gamestop402"
"Gamestop.Soasta403@gmail.com","Gamestop403"
"Gamestop.Soasta404@gmail.com","Gamestop404"
"Gamestop.Soasta405@gmail.com","Gamestop405"
"Gamestop.Soasta406@gmail.com","Gamestop406"
"Gamestop.Soasta407@gmail.com","Gamestop407"
"Gamestop.Soasta408@gmail.com","Gamestop408"
"Gamestop.Soasta409@gmail.com","Gamestop409"
"Gamestop.Soasta410@gmail.com","Gamestop410"
"Gamestop.Soasta411@gmail.com","Gamestop411"
"Gamestop.Soasta412@gmail.com","Gamestop412"
"Gamestop.Soasta413@gmail.com","Gamestop413"
"Gamestop.Soasta414@gmail.com","Gamestop414"
"Gamestop.Soasta415@gmail.com","Gamestop415"
"Gamestop.Soasta416@gmail.com","Gamestop416"
"Gamestop.Soasta417@gmail.com","Gamestop417"
"Gamestop.Soasta418@gmail.com","Gamestop418"
"Gamestop.Soasta419@gmail.com","Gamestop419"
"Gamestop.Soasta420@gmail.com","Gamestop420"
"Gamestop.Soasta421@gmail.com","Gamestop421"
"Gamestop.Soasta422@gmail.com","Gamestop422"
"Gamestop.Soasta423@gmail.com","Gamestop423"
"Gamestop.Soasta424@gmail.com","Gamestop424"
"Gamestop.Soasta425@gmail.com","Gamestop425"
"Gamestop.Soasta426@gmail.com","Gamestop426"
"Gamestop.Soasta427@gmail.com","Gamestop427"
"Gamestop.Soasta428@gmail.com","Gamestop428"
"Gamestop.Soasta429@gmail.com","Gamestop429"
"Gamestop.Soasta430@gmail.com","Gamestop430"
"Gamestop.Soasta431@gmail.com","Gamestop431"
"Gamestop.Soasta432@gmail.com","Gamestop432"
"Gamestop.Soasta433@gmail.com","Gamestop433"
"Gamestop.Soasta434@gmail.com","Gamestop434"
"Gamestop.Soasta435@gmail.com","Gamestop435"
"Gamestop.Soasta436@gmail.com","Gamestop436"
"Gamestop.Soasta437@gmail.com","Gamestop437"
"Gamestop.Soasta438@gmail.com","Gamestop438"
"Gamestop.Soasta439@gmail.com","Gamestop439"
"Gamestop.Soasta440@gmail.com","Gamestop440"
"Gamestop.Soasta441@gmail.com","Gamestop441"
"Gamestop.Soasta442@gmail.com","Gamestop442"
"Gamestop.Soasta443@gmail.com","Gamestop443"
"Gamestop.Soasta444@gmail.com","Gamestop444"
"Gamestop.Soasta445@gmail.com","Gamestop445"
"Gamestop.Soasta446@gmail.com","Gamestop446"
"Gamestop.Soasta447@gmail.com","Gamestop447"
"Gamestop.Soasta448@gmail.com","Gamestop448"
"Gamestop.Soasta449@gmail.com","Gamestop449"
"Gamestop.Soasta450@gmail.com","Gamestop450"
"Gamestop.Soasta451@gmail.com","Gamestop451"
"Gamestop.Soasta452@gmail.com","Gamestop452"
"Gamestop.Soasta453@gmail.com","Gamestop453"
"Gamestop.Soasta454@gmail.com","Gamestop454"
"Gamestop.Soasta455@gmail.com","Gamestop455"
"Gamestop.Soasta456@gmail.com","Gamestop456"
"Gamestop.Soasta457@gmail.com","Gamestop457"
"Gamestop.Soasta458@gmail.com","Gamestop458"
"Gamestop.Soasta459@gmail.com","Gamestop459"
"Gamestop.Soasta460@gmail.com","Gamestop460"
"Gamestop.Soasta461@gmail.com","Gamestop461"
"Gamestop.Soasta462@gmail.com","Gamestop462"
"Gamestop.Soasta463@gmail.com","Gamestop463"
"Gamestop.Soasta464@gmail.com","Gamestop464"
"Gamestop.Soasta465@gmail.com","Gamestop465"
"Gamestop.Soasta466@gmail.com","Gamestop466"
"Gamestop.Soasta467@gmail.com","Gamestop467"
"Gamestop.Soasta468@gmail.com","Gamestop468"
"Gamestop.Soasta469@gmail.com","Gamestop469"
"Gamestop.Soasta470@gmail.com","Gamestop470"
"Gamestop.Soasta471@gmail.com","Gamestop471"
"Gamestop.Soasta472@gmail.com","Gamestop472"
"Gamestop.Soasta473@gmail.com","Gamestop473"
"Gamestop.Soasta474@gmail.com","Gamestop474"
"Gamestop.Soasta475@gmail.com","Gamestop475"
"Gamestop.Soasta476@gmail.com","Gamestop476"
"Gamestop.Soasta477@gmail.com","Gamestop477"
"Gamestop.Soasta478@gmail.com","Gamestop478"
"Gamestop.Soasta479@gmail.com","Gamestop479"
"Gamestop.Soasta480@gmail.com","Gamestop480"
"Gamestop.Soasta481@gmail.com","Gamestop481"
"Gamestop.Soasta482@gmail.com","Gamestop482"
"Gamestop.Soasta483@gmail.com","Gamestop483"
"Gamestop.Soasta484@gmail.com","Gamestop484"
"Gamestop.Soasta485@gmail.com","Gamestop485"
"Gamestop.Soasta486@gmail.com","Gamestop486"
"Gamestop.Soasta487@gmail.com","Gamestop487"
"Gamestop.Soasta488@gmail.com","Gamestop488"
"Gamestop.Soasta489@gmail.com","Gamestop489"
"Gamestop.Soasta490@gmail.com","Gamestop490"
"Gamestop.Soasta491@gmail.com","Gamestop491"
"Gamestop.Soasta492@gmail.com","Gamestop492"
"Gamestop.Soasta493@gmail.com","Gamestop493"
"Gamestop.Soasta494@gmail.com","Gamestop494"
"Gamestop.Soasta495@gmail.com","Gamestop495"
"Gamestop.Soasta496@gmail.com","Gamestop496"
"Gamestop.Soasta497@gmail.com","Gamestop497"
"Gamestop.Soasta498@gmail.com","Gamestop498"
"Gamestop.Soasta499@gmail.com","Gamestop499"
"Gamestop.Soasta500@gmail.com","Gamestop500"
"Gamestop.Soasta501@gmail.com","Gamestop501"
"Gamestop.Soasta502@gmail.com","Gamestop502"
"Gamestop.Soasta503@gmail.com","Gamestop503"
"Gamestop.Soasta504@gmail.com","Gamestop504"
"Gamestop.Soasta505@gmail.com","Gamestop505"
"Gamestop.Soasta506@gmail.com","Gamestop506"
"Gamestop.Soasta507@gmail.com","Gamestop507"
"Gamestop.Soasta508@gmail.com","Gamestop508"
"Gamestop.Soasta509@gmail.com","Gamestop509"
"Gamestop.Soasta510@gmail.com","Gamestop510"
"Gamestop.Soasta511@gmail.com","Gamestop511"
"Gamestop.Soasta512@gmail.com","Gamestop512"
"Gamestop.Soasta513@gmail.com","Gamestop513"
"Gamestop.Soasta514@gmail.com","Gamestop514"
"Gamestop.Soasta515@gmail.com","Gamestop515"
"Gamestop.Soasta516@gmail.com","Gamestop516"
"Gamestop.Soasta517@gmail.com","Gamestop517"
"Gamestop.Soasta518@gmail.com","Gamestop518"
"Gamestop.Soasta519@gmail.com","Gamestop519"
"Gamestop.Soasta520@gmail.com","Gamestop520"
"Gamestop.Soasta521@gmail.com","Gamestop521"
"Gamestop.Soasta522@gmail.com","Gamestop522"
"Gamestop.Soasta523@gmail.com","Gamestop523"
"Gamestop.Soasta524@gmail.com","Gamestop524"
"Gamestop.Soasta525@gmail.com","Gamestop525"
"Gamestop.Soasta526@gmail.com","Gamestop526"
"Gamestop.Soasta527@gmail.com","Gamestop527"
"Gamestop.Soasta528@gmail.com","Gamestop528"
"Gamestop.Soasta529@gmail.com","Gamestop529"
"Gamestop.Soasta530@gmail.com","Gamestop530"
"Gamestop.Soasta531@gmail.com","Gamestop531"
"Gamestop.Soasta532@gmail.com","Gamestop532"
"Gamestop.Soasta533@gmail.com","Gamestop533"
"Gamestop.Soasta534@gmail.com","Gamestop534"
"Gamestop.Soasta535@gmail.com","Gamestop535"
"Gamestop.Soasta536@gmail.com","Gamestop536"
"Gamestop.Soasta537@gmail.com","Gamestop537"
"Gamestop.Soasta538@gmail.com","Gamestop538"
"Gamestop.Soasta539@gmail.com","Gamestop539"
"Gamestop.Soasta540@gmail.com","Gamestop540"
"Gamestop.Soasta541@gmail.com","Gamestop541"
"Gamestop.Soasta542@gmail.com","Gamestop542"
"Gamestop.Soasta543@gmail.com","Gamestop543"
"Gamestop.Soasta544@gmail.com","Gamestop544"
"Gamestop.Soasta545@gmail.com","Gamestop545"
"Gamestop.Soasta546@gmail.com","Gamestop546"
"Gamestop.Soasta547@gmail.com","Gamestop547"
"Gamestop.Soasta548@gmail.com","Gamestop548"
"Gamestop.Soasta549@gmail.com","Gamestop549"
"Gamestop.Soasta550@gmail.com","Gamestop550"
"Gamestop.Soasta551@gmail.com","Gamestop551"
"Gamestop.Soasta552@gmail.com","Gamestop552"
"Gamestop.Soasta553@gmail.com","Gamestop553"
"Gamestop.Soasta554@gmail.com","Gamestop554"
"Gamestop.Soasta555@gmail.com","Gamestop555"
"Gamestop.Soasta556@gmail.com","Gamestop556"
"Gamestop.Soasta557@gmail.com","Gamestop557"
"Gamestop.Soasta558@gmail.com","Gamestop558"
"Gamestop.Soasta559@gmail.com","Gamestop559"
"Gamestop.Soasta560@gmail.com","Gamestop560"
"Gamestop.Soasta561@gmail.com","Gamestop561"
"Gamestop.Soasta562@gmail.com","Gamestop562"
"Gamestop.Soasta563@gmail.com","Gamestop563"
"Gamestop.Soasta564@gmail.com","Gamestop564"
"Gamestop.Soasta565@gmail.com","Gamestop565"
"Gamestop.Soasta566@gmail.com","Gamestop566"
"Gamestop.Soasta567@gmail.com","Gamestop567"
"Gamestop.Soasta568@gmail.com","Gamestop568"
"Gamestop.Soasta569@gmail.com","Gamestop569"
"Gamestop.Soasta570@gmail.com","Gamestop570"
"Gamestop.Soasta571@gmail.com","Gamestop571"
"Gamestop.Soasta572@gmail.com","Gamestop572"
"Gamestop.Soasta573@gmail.com","Gamestop573"
"Gamestop.Soasta574@gmail.com","Gamestop574"
"Gamestop.Soasta575@gmail.com","Gamestop575"
"Gamestop.Soasta576@gmail.com","Gamestop576"
"Gamestop.Soasta577@gmail.com","Gamestop577"
"Gamestop.Soasta578@gmail.com","Gamestop578"
"Gamestop.Soasta579@gmail.com","Gamestop579"
"Gamestop.Soasta580@gmail.com","Gamestop580"
"Gamestop.Soasta581@gmail.com","Gamestop581"
"Gamestop.Soasta582@gmail.com","Gamestop582"
"Gamestop.Soasta583@gmail.com","Gamestop583"
"Gamestop.Soasta584@gmail.com","Gamestop584"
"Gamestop.Soasta585@gmail.com","Gamestop585"
"Gamestop.Soasta586@gmail.com","Gamestop586"
"Gamestop.Soasta587@gmail.com","Gamestop587"
"Gamestop.Soasta588@gmail.com","Gamestop588"
"Gamestop.Soasta589@gmail.com","Gamestop589"
"Gamestop.Soasta590@gmail.com","Gamestop590"
"Gamestop.Soasta591@gmail.com","Gamestop591"
"Gamestop.Soasta592@gmail.com","Gamestop592"
"Gamestop.Soasta593@gmail.com","Gamestop593"
"Gamestop.Soasta594@gmail.com","Gamestop594"
"Gamestop.Soasta595@gmail.com","Gamestop595"
"Gamestop.Soasta596@gmail.com","Gamestop596"
"Gamestop.Soasta597@gmail.com","Gamestop597"
"Gamestop.Soasta598@gmail.com","Gamestop598"
"Gamestop.Soasta599@gmail.com","Gamestop599"
"Gamestop.Soasta600@gmail.com","Gamestop600"
"Gamestop.Soasta601@gmail.com","Gamestop601"
"Gamestop.Soasta602@gmail.com","Gamestop602"
"Gamestop.Soasta603@gmail.com","Gamestop603"
"Gamestop.Soasta604@gmail.com","Gamestop604"
"Gamestop.Soasta605@gmail.com","Gamestop605"
"Gamestop.Soasta606@gmail.com","Gamestop606"
"Gamestop.Soasta607@gmail.com","Gamestop607"
"Gamestop.Soasta608@gmail.com","Gamestop608"
"Gamestop.Soasta609@gmail.com","Gamestop609"
"Gamestop.Soasta610@gmail.com","Gamestop610"
"Gamestop.Soasta611@gmail.com","Gamestop611"
"Gamestop.Soasta612@gmail.com","Gamestop612"
"Gamestop.Soasta613@gmail.com","Gamestop613"
"Gamestop.Soasta614@gmail.com","Gamestop614"
"Gamestop.Soasta615@gmail.com","Gamestop615"
"Gamestop.Soasta616@gmail.com","Gamestop616"
"Gamestop.Soasta617@gmail.com","Gamestop617"
"Gamestop.Soasta618@gmail.com","Gamestop618"
"Gamestop.Soasta619@gmail.com","Gamestop619"
"Gamestop.Soasta620@gmail.com","Gamestop620"
"Gamestop.Soasta621@gmail.com","Gamestop621"
"Gamestop.Soasta622@gmail.com","Gamestop622"
"Gamestop.Soasta623@gmail.com","Gamestop623"
"Gamestop.Soasta624@gmail.com","Gamestop624"
"Gamestop.Soasta625@gmail.com","Gamestop625"
"Gamestop.Soasta626@gmail.com","Gamestop626"
"Gamestop.Soasta627@gmail.com","Gamestop627"
"Gamestop.Soasta628@gmail.com","Gamestop628"
"Gamestop.Soasta629@gmail.com","Gamestop629"
"Gamestop.Soasta630@gmail.com","Gamestop630"
"Gamestop.Soasta631@gmail.com","Gamestop631"
"Gamestop.Soasta632@gmail.com","Gamestop632"
"Gamestop.Soasta633@gmail.com","Gamestop633"
"Gamestop.Soasta634@gmail.com","Gamestop634"
"Gamestop.Soasta635@gmail.com","Gamestop635"
"Gamestop.Soasta636@gmail.com","Gamestop636"
"Gamestop.Soasta637@gmail.com","Gamestop637"
"Gamestop.Soasta638@gmail.com","Gamestop638"
"Gamestop.Soasta639@gmail.com","Gamestop639"
"Gamestop.Soasta640@gmail.com","Gamestop640"
"Gamestop.Soasta641@gmail.com","Gamestop641"
"Gamestop.Soasta642@gmail.com","Gamestop642"
"Gamestop.Soasta643@gmail.com","Gamestop643"
"Gamestop.Soasta644@gmail.com","Gamestop644"
"Gamestop.Soasta645@gmail.com","Gamestop645"
"Gamestop.Soasta646@gmail.com","Gamestop646"
"Gamestop.Soasta647@gmail.com","Gamestop647"
"Gamestop.Soasta648@gmail.com","Gamestop648"
"Gamestop.Soasta649@gmail.com","Gamestop649"
"Gamestop.Soasta650@gmail.com","Gamestop650"
"Gamestop.Soasta651@gmail.com","Gamestop651"
"Gamestop.Soasta652@gmail.com","Gamestop652"
"Gamestop.Soasta653@gmail.com","Gamestop653"
"Gamestop.Soasta654@gmail.com","Gamestop654"
"Gamestop.Soasta655@gmail.com","Gamestop655"
"Gamestop.Soasta656@gmail.com","Gamestop656"
"Gamestop.Soasta657@gmail.com","Gamestop657"
"Gamestop.Soasta658@gmail.com","Gamestop658"
"Gamestop.Soasta659@gmail.com","Gamestop659"
"Gamestop.Soasta660@gmail.com","Gamestop660"
"Gamestop.Soasta661@gmail.com","Gamestop661"
"Gamestop.Soasta662@gmail.com","Gamestop662"
"Gamestop.Soasta663@gmail.com","Gamestop663"
"Gamestop.Soasta664@gmail.com","Gamestop664"
"Gamestop.Soasta665@gmail.com","Gamestop665"
"Gamestop.Soasta666@gmail.com","Gamestop666"
"Gamestop.Soasta667@gmail.com","Gamestop667"
"Gamestop.Soasta668@gmail.com","Gamestop668"
"Gamestop.Soasta669@gmail.com","Gamestop669"
"Gamestop.Soasta670@gmail.com","Gamestop670"
"Gamestop.Soasta671@gmail.com","Gamestop671"
"Gamestop.Soasta672@gmail.com","Gamestop672"
"Gamestop.Soasta673@gmail.com","Gamestop673"
"Gamestop.Soasta674@gmail.com","Gamestop674"
"Gamestop.Soasta675@gmail.com","Gamestop675"
"Gamestop.Soasta676@gmail.com","Gamestop676"
"Gamestop.Soasta677@gmail.com","Gamestop677"
"Gamestop.Soasta678@gmail.com","Gamestop678"
"Gamestop.Soasta679@gmail.com","Gamestop679"
"Gamestop.Soasta680@gmail.com","Gamestop680"
"Gamestop.Soasta681@gmail.com","Gamestop681"
"Gamestop.Soasta682@gmail.com","Gamestop682"
"Gamestop.Soasta683@gmail.com","Gamestop683"
"Gamestop.Soasta684@gmail.com","Gamestop684"
"Gamestop.Soasta685@gmail.com","Gamestop685"
"Gamestop.Soasta686@gmail.com","Gamestop686"
"Gamestop.Soasta687@gmail.com","Gamestop687"
"Gamestop.Soasta688@gmail.com","Gamestop688"
"Gamestop.Soasta689@gmail.com","Gamestop689"
"Gamestop.Soasta690@gmail.com","Gamestop690"
"Gamestop.Soasta691@gmail.com","Gamestop691"
"Gamestop.Soasta692@gmail.com","Gamestop692"
"Gamestop.Soasta693@gmail.com","Gamestop693"
"Gamestop.Soasta694@gmail.com","Gamestop694"
"Gamestop.Soasta695@gmail.com","Gamestop695"
"Gamestop.Soasta696@gmail.com","Gamestop696"
"Gamestop.Soasta697@gmail.com","Gamestop697"
"Gamestop.Soasta698@gmail.com","Gamestop698"
"Gamestop.Soasta699@gmail.com","Gamestop699"
"Gamestop.Soasta700@gmail.com","Gamestop700"
"Gamestop.Soasta701@gmail.com","Gamestop701"
"Gamestop.Soasta702@gmail.com","Gamestop702"
"Gamestop.Soasta703@gmail.com","Gamestop703"
"Gamestop.Soasta704@gmail.com","Gamestop704"
"Gamestop.Soasta705@gmail.com","Gamestop705"
"Gamestop.Soasta706@gmail.com","Gamestop706"
"Gamestop.Soasta707@gmail.com","Gamestop707"
"Gamestop.Soasta708@gmail.com","Gamestop708"
"Gamestop.Soasta709@gmail.com","Gamestop709"
"Gamestop.Soasta710@gmail.com","Gamestop710"
"Gamestop.Soasta711@gmail.com","Gamestop711"
"Gamestop.Soasta712@gmail.com","Gamestop712"
"Gamestop.Soasta713@gmail.com","Gamestop713"
"Gamestop.Soasta714@gmail.com","Gamestop714"
"Gamestop.Soasta715@gmail.com","Gamestop715"
"Gamestop.Soasta716@gmail.com","Gamestop716"
"Gamestop.Soasta717@gmail.com","Gamestop717"
"Gamestop.Soasta718@gmail.com","Gamestop718"
"Gamestop.Soasta719@gmail.com","Gamestop719"
"Gamestop.Soasta720@gmail.com","Gamestop720"
"Gamestop.Soasta721@gmail.com","Gamestop721"
"Gamestop.Soasta722@gmail.com","Gamestop722"
"Gamestop.Soasta723@gmail.com","Gamestop723"
"Gamestop.Soasta724@gmail.com","Gamestop724"
"Gamestop.Soasta725@gmail.com","Gamestop725"
"Gamestop.Soasta726@gmail.com","Gamestop726"
"Gamestop.Soasta727@gmail.com","Gamestop727"
"Gamestop.Soasta728@gmail.com","Gamestop728"
"Gamestop.Soasta729@gmail.com","Gamestop729"
"Gamestop.Soasta730@gmail.com","Gamestop730"
"Gamestop.Soasta731@gmail.com","Gamestop731"
"Gamestop.Soasta732@gmail.com","Gamestop732"
"Gamestop.Soasta733@gmail.com","Gamestop733"
"Gamestop.Soasta734@gmail.com","Gamestop734"
"Gamestop.Soasta735@gmail.com","Gamestop735"
"Gamestop.Soasta736@gmail.com","Gamestop736"
"Gamestop.Soasta737@gmail.com","Gamestop737"
"Gamestop.Soasta738@gmail.com","Gamestop738"
"Gamestop.Soasta739@gmail.com","Gamestop739"
"Gamestop.Soasta740@gmail.com","Gamestop740"
"Gamestop.Soasta741@gmail.com","Gamestop741"
"Gamestop.Soasta742@gmail.com","Gamestop742"
"Gamestop.Soasta743@gmail.com","Gamestop743"
"Gamestop.Soasta744@gmail.com","Gamestop744"
"Gamestop.Soasta745@gmail.com","Gamestop745"
"Gamestop.Soasta746@gmail.com","Gamestop746"
"Gamestop.Soasta747@gmail.com","Gamestop747"
"Gamestop.Soasta748@gmail.com","Gamestop748"
"Gamestop.Soasta749@gmail.com","Gamestop749"
"Gamestop.Soasta750@gmail.com","Gamestop750"
"Gamestop.Soasta751@gmail.com","Gamestop751"
"Gamestop.Soasta752@gmail.com","Gamestop752"
"Gamestop.Soasta753@gmail.com","Gamestop753"
"Gamestop.Soasta754@gmail.com","Gamestop754"
"Gamestop.Soasta755@gmail.com","Gamestop755"
"Gamestop.Soasta756@gmail.com","Gamestop756"
"Gamestop.Soasta757@gmail.com","Gamestop757"
"Gamestop.Soasta758@gmail.com","Gamestop758"
"Gamestop.Soasta759@gmail.com","Gamestop759"
"Gamestop.Soasta760@gmail.com","Gamestop760"
"Gamestop.Soasta761@gmail.com","Gamestop761"
"Gamestop.Soasta762@gmail.com","Gamestop762"
"Gamestop.Soasta763@gmail.com","Gamestop763"
"Gamestop.Soasta764@gmail.com","Gamestop764"
"Gamestop.Soasta765@gmail.com","Gamestop765"
"Gamestop.Soasta766@gmail.com","Gamestop766"
"Gamestop.Soasta767@gmail.com","Gamestop767"
"Gamestop.Soasta768@gmail.com","Gamestop768"
"Gamestop.Soasta769@gmail.com","Gamestop769"
"Gamestop.Soasta770@gmail.com","Gamestop770"
"Gamestop.Soasta771@gmail.com","Gamestop771"
"Gamestop.Soasta772@gmail.com","Gamestop772"
"Gamestop.Soasta773@gmail.com","Gamestop773"
"Gamestop.Soasta774@gmail.com","Gamestop774"
"Gamestop.Soasta775@gmail.com","Gamestop775"
"Gamestop.Soasta776@gmail.com","Gamestop776"
"Gamestop.Soasta777@gmail.com","Gamestop777"
"Gamestop.Soasta778@gmail.com","Gamestop778"
"Gamestop.Soasta779@gmail.com","Gamestop779"
"Gamestop.Soasta780@gmail.com","Gamestop780"
"Gamestop.Soasta781@gmail.com","Gamestop781"
"Gamestop.Soasta782@gmail.com","Gamestop782"
"Gamestop.Soasta783@gmail.com","Gamestop783"
"Gamestop.Soasta784@gmail.com","Gamestop784"
"Gamestop.Soasta785@gmail.com","Gamestop785"
"Gamestop.Soasta786@gmail.com","Gamestop786"
"Gamestop.Soasta787@gmail.com","Gamestop787"
"Gamestop.Soasta788@gmail.com","Gamestop788"
"Gamestop.Soasta789@gmail.com","Gamestop789"
"Gamestop.Soasta790@gmail.com","Gamestop790"
"Gamestop.Soasta791@gmail.com","Gamestop791"
"Gamestop.Soasta792@gmail.com","Gamestop792"
"Gamestop.Soasta793@gmail.com","Gamestop793"
"Gamestop.Soasta794@gmail.com","Gamestop794"
"Gamestop.Soasta795@gmail.com","Gamestop795"
"Gamestop.Soasta796@gmail.com","Gamestop796"
"Gamestop.Soasta797@gmail.com","Gamestop797"
"Gamestop.Soasta798@gmail.com","Gamestop798"
"Gamestop.Soasta799@gmail.com","Gamestop799"
"Gamestop.Soasta800@gmail.com","Gamestop800"
"Gamestop.Soasta801@gmail.com","Gamestop801"
"Gamestop.Soasta802@gmail.com","Gamestop802"
"Gamestop.Soasta803@gmail.com","Gamestop803"
"Gamestop.Soasta804@gmail.com","Gamestop804"
"Gamestop.Soasta805@gmail.com","Gamestop805"
"Gamestop.Soasta806@gmail.com","Gamestop806"
"Gamestop.Soasta807@gmail.com","Gamestop807"
"Gamestop.Soasta808@gmail.com","Gamestop808"
"Gamestop.Soasta809@gmail.com","Gamestop809"
"Gamestop.Soasta810@gmail.com","Gamestop810"
"Gamestop.Soasta811@gmail.com","Gamestop811"
"Gamestop.Soasta812@gmail.com","Gamestop812"
"Gamestop.Soasta813@gmail.com","Gamestop813"
"Gamestop.Soasta814@gmail.com","Gamestop814"
"Gamestop.Soasta815@gmail.com","Gamestop815"
"Gamestop.Soasta816@gmail.com","Gamestop816"
"Gamestop.Soasta817@gmail.com","Gamestop817"
"Gamestop.Soasta818@gmail.com","Gamestop818"
"Gamestop.Soasta819@gmail.com","Gamestop819"
"Gamestop.Soasta820@gmail.com","Gamestop820"
"Gamestop.Soasta821@gmail.com","Gamestop821"
"Gamestop.Soasta822@gmail.com","Gamestop822"
"Gamestop.Soasta823@gmail.com","Gamestop823"
"Gamestop.Soasta824@gmail.com","Gamestop824"
"Gamestop.Soasta825@gmail.com","Gamestop825"
"Gamestop.Soasta826@gmail.com","Gamestop826"
"Gamestop.Soasta827@gmail.com","Gamestop827"
"Gamestop.Soasta828@gmail.com","Gamestop828"
"Gamestop.Soasta829@gmail.com","Gamestop829"
"Gamestop.Soasta830@gmail.com","Gamestop830"
"Gamestop.Soasta831@gmail.com","Gamestop831"
"Gamestop.Soasta832@gmail.com","Gamestop832"
"Gamestop.Soasta833@gmail.com","Gamestop833"
"Gamestop.Soasta834@gmail.com","Gamestop834"
"Gamestop.Soasta835@gmail.com","Gamestop835"
"Gamestop.Soasta836@gmail.com","Gamestop836"
"Gamestop.Soasta837@gmail.com","Gamestop837"
"Gamestop.Soasta838@gmail.com","Gamestop838"
"Gamestop.Soasta839@gmail.com","Gamestop839"
"Gamestop.Soasta840@gmail.com","Gamestop840"
"Gamestop.Soasta841@gmail.com","Gamestop841"
"Gamestop.Soasta842@gmail.com","Gamestop842"
"Gamestop.Soasta843@gmail.com","Gamestop843"
"Gamestop.Soasta844@gmail.com","Gamestop844"
"Gamestop.Soasta845@gmail.com","Gamestop845"
"Gamestop.Soasta846@gmail.com","Gamestop846"
"Gamestop.Soasta847@gmail.com","Gamestop847"
"Gamestop.Soasta848@gmail.com","Gamestop848"
"Gamestop.Soasta849@gmail.com","Gamestop849"
"Gamestop.Soasta850@gmail.com","Gamestop850"
"Gamestop.Soasta851@gmail.com","Gamestop851"
"Gamestop.Soasta852@gmail.com","Gamestop852"
"Gamestop.Soasta853@gmail.com","Gamestop853"
"Gamestop.Soasta854@gmail.com","Gamestop854"
"Gamestop.Soasta855@gmail.com","Gamestop855"
"Gamestop.Soasta856@gmail.com","Gamestop856"
"Gamestop.Soasta857@gmail.com","Gamestop857"
"Gamestop.Soasta858@gmail.com","Gamestop858"
"Gamestop.Soasta859@gmail.com","Gamestop859"
"Gamestop.Soasta860@gmail.com","Gamestop860"
"Gamestop.Soasta861@gmail.com","Gamestop861"
"Gamestop.Soasta862@gmail.com","Gamestop862"
"Gamestop.Soasta863@gmail.com","Gamestop863"
"Gamestop.Soasta864@gmail.com","Gamestop864"
"Gamestop.Soasta865@gmail.com","Gamestop865"
"Gamestop.Soasta866@gmail.com","Gamestop866"
"Gamestop.Soasta867@gmail.com","Gamestop867"
"Gamestop.Soasta868@gmail.com","Gamestop868"
"Gamestop.Soasta869@gmail.com","Gamestop869"
"Gamestop.Soasta870@gmail.com","Gamestop870"
"Gamestop.Soasta871@gmail.com","Gamestop871"
"Gamestop.Soasta872@gmail.com","Gamestop872"
"Gamestop.Soasta873@gmail.com","Gamestop873"
"Gamestop.Soasta874@gmail.com","Gamestop874"
"Gamestop.Soasta875@gmail.com","Gamestop875"
"Gamestop.Soasta876@gmail.com","Gamestop876"
"Gamestop.Soasta877@gmail.com","Gamestop877"
"Gamestop.Soasta878@gmail.com","Gamestop878"
"Gamestop.Soasta879@gmail.com","Gamestop879"
"Gamestop.Soasta880@gmail.com","Gamestop880"
"Gamestop.Soasta881@gmail.com","Gamestop881"
"Gamestop.Soasta882@gmail.com","Gamestop882"
"Gamestop.Soasta883@gmail.com","Gamestop883"
"Gamestop.Soasta884@gmail.com","Gamestop884"
"Gamestop.Soasta885@gmail.com","Gamestop885"
"Gamestop.Soasta886@gmail.com","Gamestop886"
"Gamestop.Soasta887@gmail.com","Gamestop887"
"Gamestop.Soasta888@gmail.com","Gamestop888"
"Gamestop.Soasta889@gmail.com","Gamestop889"
"Gamestop.Soasta890@gmail.com","Gamestop890"
"Gamestop.Soasta891@gmail.com","Gamestop891"
"Gamestop.Soasta892@gmail.com","Gamestop892"
"Gamestop.Soasta893@gmail.com","Gamestop893"
"Gamestop.Soasta894@gmail.com","Gamestop894"
"Gamestop.Soasta895@gmail.com","Gamestop895"
"Gamestop.Soasta896@gmail.com","Gamestop896"
"Gamestop.Soasta897@gmail.com","Gamestop897"
"Gamestop.Soasta898@gmail.com","Gamestop898"
"Gamestop.Soasta899@gmail.com","Gamestop899"
"Gamestop.Soasta900@gmail.com","Gamestop900"
"Gamestop.Soasta901@gmail.com","Gamestop901"
"Gamestop.Soasta902@gmail.com","Gamestop902"
"Gamestop.Soasta903@gmail.com","Gamestop903"
"Gamestop.Soasta904@gmail.com","Gamestop904"
"Gamestop.Soasta905@gmail.com","Gamestop905"
"Gamestop.Soasta906@gmail.com","Gamestop906"
"Gamestop.Soasta907@gmail.com","Gamestop907"
"Gamestop.Soasta908@gmail.com","Gamestop908"
"Gamestop.Soasta909@gmail.com","Gamestop909"
"Gamestop.Soasta910@gmail.com","Gamestop910"
"Gamestop.Soasta911@gmail.com","Gamestop911"
"Gamestop.Soasta912@gmail.com","Gamestop912"
"Gamestop.Soasta913@gmail.com","Gamestop913"
"Gamestop.Soasta914@gmail.com","Gamestop914"
"Gamestop.Soasta915@gmail.com","Gamestop915"
"Gamestop.Soasta916@gmail.com","Gamestop916"
"Gamestop.Soasta917@gmail.com","Gamestop917"
"Gamestop.Soasta918@gmail.com","Gamestop918"
"Gamestop.Soasta919@gmail.com","Gamestop919"
"Gamestop.Soasta920@gmail.com","Gamestop920"
"Gamestop.Soasta921@gmail.com","Gamestop921"
"Gamestop.Soasta922@gmail.com","Gamestop922"
"Gamestop.Soasta923@gmail.com","Gamestop923"
"Gamestop.Soasta924@gmail.com","Gamestop924"
"Gamestop.Soasta925@gmail.com","Gamestop925"
"Gamestop.Soasta926@gmail.com","Gamestop926"
"Gamestop.Soasta927@gmail.com","Gamestop927"
"Gamestop.Soasta928@gmail.com","Gamestop928"
"Gamestop.Soasta929@gmail.com","Gamestop929"
"Gamestop.Soasta930@gmail.com","Gamestop930"
"Gamestop.Soasta931@gmail.com","Gamestop931"
"Gamestop.Soasta932@gmail.com","Gamestop932"
"Gamestop.Soasta933@gmail.com","Gamestop933"
"Gamestop.Soasta934@gmail.com","Gamestop934"
"Gamestop.Soasta935@gmail.com","Gamestop935"
"Gamestop.Soasta936@gmail.com","Gamestop936"
"Gamestop.Soasta937@gmail.com","Gamestop937"
"Gamestop.Soasta938@gmail.com","Gamestop938"
"Gamestop.Soasta939@gmail.com","Gamestop939"
"Gamestop.Soasta940@gmail.com","Gamestop940"
"Gamestop.Soasta941@gmail.com","Gamestop941"
"Gamestop.Soasta942@gmail.com","Gamestop942"
"Gamestop.Soasta943@gmail.com","Gamestop943"
"Gamestop.Soasta944@gmail.com","Gamestop944"
"Gamestop.Soasta945@gmail.com","Gamestop945"
"Gamestop.Soasta946@gmail.com","Gamestop946"
"Gamestop.Soasta947@gmail.com","Gamestop947"
"Gamestop.Soasta948@gmail.com","Gamestop948"
"Gamestop.Soasta949@gmail.com","Gamestop949"
"Gamestop.Soasta950@gmail.com","Gamestop950"
"Gamestop.Soasta951@gmail.com","Gamestop951"
"Gamestop.Soasta952@gmail.com","Gamestop952"
"Gamestop.Soasta953@gmail.com","Gamestop953"
"Gamestop.Soasta954@gmail.com","Gamestop954"
"Gamestop.Soasta955@gmail.com","Gamestop955"
"Gamestop.Soasta956@gmail.com","Gamestop956"
"Gamestop.Soasta957@gmail.com","Gamestop957"
"Gamestop.Soasta958@gmail.com","Gamestop958"
"Gamestop.Soasta959@gmail.com","Gamestop959"
"Gamestop.Soasta960@gmail.com","Gamestop960"
"Gamestop.Soasta961@gmail.com","Gamestop961"
"Gamestop.Soasta962@gmail.com","Gamestop962"
"Gamestop.Soasta963@gmail.com","Gamestop963"
"Gamestop.Soasta964@gmail.com","Gamestop964"
"Gamestop.Soasta965@gmail.com","Gamestop965"
"Gamestop.Soasta966@gmail.com","Gamestop966"
"Gamestop.Soasta967@gmail.com","Gamestop967"
"Gamestop.Soasta968@gmail.com","Gamestop968"
"Gamestop.Soasta969@gmail.com","Gamestop969"
"Gamestop.Soasta970@gmail.com","Gamestop970"
"Gamestop.Soasta971@gmail.com","Gamestop971"
"Gamestop.Soasta972@gmail.com","Gamestop972"
"Gamestop.Soasta973@gmail.com","Gamestop973"
"Gamestop.Soasta974@gmail.com","Gamestop974"
"Gamestop.Soasta975@gmail.com","Gamestop975"
"Gamestop.Soasta976@gmail.com","Gamestop976"
"Gamestop.Soasta977@gmail.com","Gamestop977"
"Gamestop.Soasta978@gmail.com","Gamestop978"
"Gamestop.Soasta979@gmail.com","Gamestop979"
"Gamestop.Soasta980@gmail.com","Gamestop980"
"Gamestop.Soasta981@gmail.com","Gamestop981"
"Gamestop.Soasta982@gmail.com","Gamestop982"
"Gamestop.Soasta983@gmail.com","Gamestop983"
"Gamestop.Soasta984@gmail.com","Gamestop984"
"Gamestop.Soasta985@gmail.com","Gamestop985"
"Gamestop.Soasta986@gmail.com","Gamestop986"
"Gamestop.Soasta987@gmail.com","Gamestop987"
"Gamestop.Soasta988@gmail.com","Gamestop988"
"Gamestop.Soasta989@gmail.com","Gamestop989"
"Gamestop.Soasta990@gmail.com","Gamestop990"
"Gamestop.Soasta991@gmail.com","Gamestop991"
"Gamestop.Soasta992@gmail.com","Gamestop992"
"Gamestop.Soasta993@gmail.com","Gamestop993"
"Gamestop.Soasta994@gmail.com","Gamestop994"
"Gamestop.Soasta995@gmail.com","Gamestop995"
"Gamestop.Soasta996@gmail.com","Gamestop996"
"Gamestop.Soasta997@gmail.com","Gamestop997"
"Gamestop.Soasta998@gmail.com","Gamestop998"
"Gamestop.Soasta999@gmail.com","Gamestop999"
"Gamestop.Soasta1000@gmail.com","Gamestop1000"
