gsui_20141021_112137_908@qagsecomprod.oib.com,T3sting1,v%$zs29ZKH
gsui_20141021_112137_908@qagsecomprod.oib.com,T3sting1,c@$%01iq53
gsui_20141021_112137_908@qagsecomprod.oib.com,T3sting1,n29%@%09RV
gsui_20141021_112137_908@qagsecomprod.oib.com,T3sting1,k86yv#@86y
gsui_20141021_112141_805@qagsecomprod.oib.com,T3sting1,qVW96@$oy1
gsui_20141021_112144_641@qagsecomprod.oib.com,T3sting1,o01ZL$#$#q
gsui_20141021_112147_677@qagsecomprod.oib.com,T3sting1,iORsy@$09$
gsui_20141021_112151_314@qagsecomprod.oib.com,T3sting1,foc90#%oc9
gsui_20141021_112154_433@qagsecomprod.oib.com,T3sting1,fcvPD#@40$
gsui_20141021_112157_593@qagsecomprod.oib.com,T3sting1,n45AT$%72g
gsui_20141021_112201_494@qagsecomprod.oib.com,T3sting1,dCV97%#89a
gsui_20141021_112206_558@qagsecomprod.oib.com,T3sting1,t@%75PY@%7
gsui_20141021_112211_049@qagsecomprod.oib.com,T3sting1,x@%17gz#$5
gsui_20141021_112214_961@qagsecomprod.oib.com,T3sting1,vCX52%$CX5
gsui_20141021_112218_998@qagsecomprod.oib.com,T3sting1,uHS57HS57@
gsui_20141021_112222_325@qagsecomprod.oib.com,T3sting1,f$@$@94@CK
gsui_20141021_112225_314@qagsecomprod.oib.com,T3sting1,bEW7923UY$
gsui_20141021_112229_056@qagsecomprod.oib.com,T3sting1,aLU27SEmy8
gsui_20141021_112232_137@qagsecomprod.oib.com,T3sting1,k64$#jz64$
gsui_20141021_112235_408@qagsecomprod.oib.com,T3sting1,buq$#96MYn
gsui_20141021_112238_852@qagsecomprod.oib.com,T3sting1,d39CS$9739
gsui_20141021_112241_834@qagsecomprod.oib.com,T3sting1,k87ya@#87y
gsui_20141021_112244_544@qagsecomprod.oib.com,T3sting1,o@#@#CE15C
gsui_20141021_112137_908@qagsecomprod.oib.com,T3sting1,q$#yg59#%$
gsui_20141021_112141_805@qagsecomprod.oib.com,T3sting1,hsl21$#$#v
gsui_20141021_112144_641@qagsecomprod.oib.com,T3sting1,l@%35RN35R
gsui_20141021_112144_641@qagsecomprod.oib.com,T3sting1,m17ED17ED1
gsui_20141021_112144_641@qagsecomprod.oib.com,T3sting1,gLU97jf%@%
gsui_20141021_112147_677@qagsecomprod.oib.com,T3sting1,x#$76cnIY5
gsui_20141021_112151_314@qagsecomprod.oib.com,T3sting1,s%#50qo%#5
gsui_20141021_112206_558@qagsecomprod.oib.com,T3sting1,c@%co19@%c
gsui_20141021_112206_558@qagsecomprod.oib.com,T3sting1,w$@$@79@16
