"gsui_20141021_110624_851@qagsecomprod.oib.com","T3sting1","iCR54xv#$1"
"gsui_20141021_111025_012@qagsecomprod.oib.com","T3sting1","y@93EW73YW"
"gsui_20141021_111034_377@qagsecomprod.oib.com","T3sting1","l14PN15or#"
"gsui_20141021_111034_377@qagsecomprod.oib.com","T3sting1","wIO$@vd03@"
"gsui_20141021_111039_367@qagsecomprod.oib.com","T3sting1","a$#vi5115R"
"gsui_20141021_111042_784@qagsecomprod.oib.com","T3sting1","tXG48@%ks7"
"gsui_20141021_111046_099@qagsecomprod.oib.com","T3sting1","s$%18ew$%1"
"gsui_20141021_111050_046@qagsecomprod.oib.com","T3sting1","eWF18#54WF"
"gsui_20141021_111054_473@qagsecomprod.oib.com","T3sting1","dTG4814%TG"
"gsui_20141021_111057_687@qagsecomprod.oib.com","T3sting1","qDV61%#25$"
"gsui_20141021_111101_632@qagsecomprod.oib.com","T3sting1","d40HU$#om8"
"gsui_20141021_111106_607@qagsecomprod.oib.com","T3sting1","uLD61LD61L"
"gsui_20141021_111110_359@qagsecomprod.oib.com","T3sting1","c$%he%@30I"
"gsui_20141021_111113_337@qagsecomprod.oib.com","T3sting1","o91RSms$@V"
"gsui_20141021_111117_345@qagsecomprod.oib.com","T3sting1","kCW74cb$@#"
"gsui_20141021_111121_491@qagsecomprod.oib.com","T3sting1","r01#54QCfv"
"gsui_20141021_111125_316@qagsecomprod.oib.com","T3sting1","f%@he%$59S"
"gsui_20141021_111128_961@qagsecomprod.oib.com","T3sting1","w@9479PN45"
"gsui_20141021_111136_127@qagsecomprod.oib.com","T3sting1","yCE71CE713"
"gsui_20141021_111140_075@qagsecomprod.oib.com","T3sting1","d83vg@#$%O"
"gsui_20141021_111143_298@qagsecomprod.oib.com","T3sting1","x85vj@$@62"
"gsui_20141021_111146_168@qagsecomprod.oib.com","T3sting1","l#@bf7479U"
"gsui_20141021_111150_010@qagsecomprod.oib.com","T3sting1","m@$tu60@$t"
"gsui_20141021_111153_661@qagsecomprod.oib.com","T3sting1","g#69%$%$$#"
"gsui_20141021_111157_260@qagsecomprod.oib.com","T3sting1","m@%jb96fz$"
"gsui_20141021_111200_301@qagsecomprod.oib.com","T3sting1","y#%#%05#$#"
"gsui_20141021_111205_863@qagsecomprod.oib.com","T3sting1","wJC0371%$#"
"gsui_20141021_111209_423@qagsecomprod.oib.com","T3sting1","w%$%$GX62p"
"gsui_20141021_111212_749@qagsecomprod.oib.com","T3sting1","p#$PM80vo$"
"gsui_20141021_111215_758@qagsecomprod.oib.com","T3sting1","l#@xiGP090"
"gsui_20141021_111219_806@qagsecomprod.oib.com","T3sting1","l89dv$@MN3"
"gsui_20141021_111223_721@qagsecomprod.oib.com","T3sting1","qWZ45fz65$"
"gsui_20141021_111227_182@qagsecomprod.oib.com","T3sting1","k43%uq@$59"
"gsui_20141021_111231_073@qagsecomprod.oib.com","T3sting1","wxbQT38@#Z"
"gsui_20141021_111235_178@qagsecomprod.oib.com","T3sting1","s#05hm$#52"
"gsui_20141021_111238_979@qagsecomprod.oib.com","T3sting1","zPW74PW74P"
"gsui_20141021_111241_985@qagsecomprod.oib.com","T3sting1","iMV#@64sn3"
"gsui_20141021_111245_185@qagsecomprod.oib.com","T3sting1","g23YQ23YQ%"
"gsui_20141021_111248_455@qagsecomprod.oib.com","T3sting1","i#$15qo#$1"
"gsui_20141021_111252_307@qagsecomprod.oib.com","T3sting1","y71oz@$73E"
"gsui_20141021_111255_349@qagsecomprod.oib.com","T3sting1","lCA06@%CA0"
"gsui_20141021_111258_306@qagsecomprod.oib.com","T3sting1","u%$gy25%#1"
"gsui_20141021_111301_984@qagsecomprod.oib.com","T3sting1","n@1553FU53"
"gsui_20141021_111308_081@qagsecomprod.oib.com","T3sting1","oTG9320#@Q"
"gsui_20141021_111312_155@qagsecomprod.oib.com","T3sting1","a$@31vqKY2"
"gsui_20141021_111315_248@qagsecomprod.oib.com","T3sting1","k35RY94#35"
"gsui_20141021_111319_566@qagsecomprod.oib.com","T3sting1","s%$07iwJT0"
"gsui_20141021_111323_671@qagsecomprod.oib.com","T3sting1","t$#73JAEG@"
"gsui_20141021_111326_922@qagsecomprod.oib.com","T3sting1","pTM65db%@5"
"gsui_20141021_111330_157@qagsecomprod.oib.com","T3sting1","nnw47@##@n"
"gsui_20141021_111335_486@qagsecomprod.oib.com","T3sting1","xov07$%63R"
"gsui_20141021_111339_346@qagsecomprod.oib.com","T3sting1","g75%vh#@89"
"gsui_20141021_111339_346@qagsecomprod.oib.com","T3sting1","g#@sf$%16%"
"gsui_20141021_111339_346@qagsecomprod.oib.com","T3sting1","n89WK89WK8"
"gsui_20141021_111345_757@qagsecomprod.oib.com","T3sting1","lOL41OL41p"
"gsui_20141021_111350_277@qagsecomprod.oib.com","T3sting1","t$#VD53VD5"
"gsui_20141021_111350_277@qagsecomprod.oib.com","T3sting1","vCL84cdWT3"
"gsui_20141021_111353_747@qagsecomprod.oib.com","T3sting1","u$3132FKpv"
"gsui_20141021_111357_148@qagsecomprod.oib.com","T3sting1","b$@zq1481E"
"gsui_20141021_111400_893@qagsecomprod.oib.com","T3sting1","vDC32#07DC"
"gsui_20141021_111406_642@qagsecomprod.oib.com","T3sting1","zFY26uc#@7"
"gsui_20141021_111412_428@qagsecomprod.oib.com","T3sting1","r%8306LP06"
"gsui_20141021_111416_326@qagsecomprod.oib.com","T3sting1","f#%#%zj91@"
"gsui_20141021_111421_630@qagsecomprod.oib.com","T3sting1","p50AN19$@C"
"gsui_20141021_111425_342@qagsecomprod.oib.com","T3sting1","m27OS%@54d"
"gsui_20141021_111428_229@qagsecomprod.oib.com","T3sting1","y@94@9437$"
"gsui_20141021_111432_074@qagsecomprod.oib.com","T3sting1","z78PG78PG7"
"gsui_20141021_111436_032@qagsecomprod.oib.com","T3sting1","x74MN$#$71"
"gsui_20141021_111439_932@qagsecomprod.oib.com","T3sting1","iNY93%@73z"
"gsui_20141021_111442_925@qagsecomprod.oib.com","T3sting1","dsd$@01sd$"
"gsui_20141021_111445_940@qagsecomprod.oib.com","T3sting1","lEB17EB175"
"gsui_20141021_111449_171@qagsecomprod.oib.com","T3sting1","x12XJ%$em1"
"gsui_20141021_111453_940@qagsecomprod.oib.com","T3sting1","iob37@$SY5"
"gsui_20141021_111457_059@qagsecomprod.oib.com","T3sting1","kyf58@%TR2"
gsui_20141021_111459_502@qagsecomprod.oib.com,T3sting1,a79BF79BF#
gsui_20141021_111504_820@qagsecomprod.oib.com,T3sting1,efnGQ#$95#
gsui_20141021_111509_540@qagsecomprod.oib.com,T3sting1,m81$%vp81$
gsui_20141021_111512_281@qagsecomprod.oib.com,T3sting1,oFA45QCdh%
gsui_20141021_111515_033@qagsecomprod.oib.com,T3sting1,lfw19#$#$#
gsui_20141021_111517_873@qagsecomprod.oib.com,T3sting1,s@%#$ot57Q
gsui_20141021_111521_611@qagsecomprod.oib.com,T3sting1,m@%47IQzd#
gsui_20141021_111525_414@qagsecomprod.oib.com,T3sting1,r$%54uvDY8
gsui_20141021_111528_808@qagsecomprod.oib.com,T3sting1,h75rm@%FE2
gsui_20141021_111533_011@qagsecomprod.oib.com,T3sting1,sxc68%@ZX4
gsui_20141021_111536_380@qagsecomprod.oib.com,T3sting1,i48GK48GK@
gsui_20141021_111541_726@qagsecomprod.oib.com,T3sting1,zYZ34YZ34Y
gsui_20141021_111544_372@qagsecomprod.oib.com,T3sting1,fPH6135%PU
gsui_20141021_111547_467@qagsecomprod.oib.com,T3sting1,nah#$2561K
gsui_20141021_111550_660@qagsecomprod.oib.com,T3sting1,tyd%$OC24%
gsui_20141021_111554_378@qagsecomprod.oib.com,T3sting1,oxnBL90%@#
gsui_20141021_111556_922@qagsecomprod.oib.com,T3sting1,y%12%12@%%
gsui_20141021_111600_029@qagsecomprod.oib.com,T3sting1,gAV%@ro204
gsui_20141021_111605_494@qagsecomprod.oib.com,T3sting1,k$@%@xn022
gsui_20141021_111610_088@qagsecomprod.oib.com,T3sting1,k75@%dvEU$
gsui_20141021_111613_443@qagsecomprod.oib.com,T3sting1,w69xi%#AW3
gsui_20141021_111617_271@qagsecomprod.oib.com,T3sting1,pLTeh%@82$
gsui_20141021_111620_805@qagsecomprod.oib.com,T3sting1,v%@pm#$10p
gsui_20141021_111624_753@qagsecomprod.oib.com,T3sting1,r@%93#82vs
gsui_20141021_111627_668@qagsecomprod.oib.com,T3sting1,o$#06cx$#0
gsui_20141021_111631_268@qagsecomprod.oib.com,T3sting1,gVM2374$VM
gsui_20141021_111634_469@qagsecomprod.oib.com,T3sting1,w45qs@#%21
gsui_20141021_111638_738@qagsecomprod.oib.com,T3sting1,iLJ68@16jf
gsui_20141021_111641_822@qagsecomprod.oib.com,T3sting1,bkh03#$FJ0
gsui_20141021_111644_595@qagsecomprod.oib.com,T3sting1,b@%23ax@%2
gsui_20141021_111647_449@qagsecomprod.oib.com,T3sting1,ibl05%@#%y
gsui_20141021_111651_163@qagsecomprod.oib.com,T3sting1,e98%#@tb76
gsui_20141021_111654_803@qagsecomprod.oib.com,T3sting1,c#$@$IN50m
gsui_20141021_111657_974@qagsecomprod.oib.com,T3sting1,w25EX%$81a
gsui_20141021_111701_022@qagsecomprod.oib.com,T3sting1,r#@WX15by@
gsui_20141021_111706_523@qagsecomprod.oib.com,T3sting1,j%$71iw35R
gsui_20141021_111709_788@qagsecomprod.oib.com,T3sting1,p46%#ka23%
gsui_20141021_111713_037@qagsecomprod.oib.com,T3sting1,v%46MA20qd
gsui_20141021_111716_108@qagsecomprod.oib.com,T3sting1,n81ZP81ZP#
gsui_20141021_111720_525@qagsecomprod.oib.com,T3sting1,nox01$%30@
gsui_20141021_111723_296@qagsecomprod.oib.com,T3sting1,lYJ80YJ80$
gsui_20141021_111726_848@qagsecomprod.oib.com,T3sting1,l79KD79KD7
gsui_20141021_111729_764@qagsecomprod.oib.com,T3sting1,vUD17@$UD1
gsui_20141021_111732_930@qagsecomprod.oib.com,T3sting1,w#%LF63mu2
gsui_20141021_111736_552@qagsecomprod.oib.com,T3sting1,j#%AR36AR3
gsui_20141021_111740_033@qagsecomprod.oib.com,T3sting1,yjl%@10BMO
gsui_20141021_111742_724@qagsecomprod.oib.com,T3sting1,z$8676RV76
gsui_20141021_111745_689@qagsecomprod.oib.com,T3sting1,iVN81%#%@3
gsui_20141021_111748_365@qagsecomprod.oib.com,T3sting1,r%@26HD26H
gsui_20141021_111751_611@qagsecomprod.oib.com,T3sting1,vWS05$@WS0
gsui_20141021_111755_617@qagsecomprod.oib.com,T3sting1,jSY08SY08#
gsui_20141021_111758_316@qagsecomprod.oib.com,T3sting1,j18wo%##85
gsui_20141021_111801_750@qagsecomprod.oib.com,T3sting1,e05@PE80mi
gsui_20141021_111806_902@qagsecomprod.oib.com,T3sting1,r#$32FSqh7
gsui_20141021_111809_970@qagsecomprod.oib.com,T3sting1,mef65%#$14
gsui_20141021_111812_946@qagsecomprod.oib.com,T3sting1,o49@41rm@%
gsui_20141021_111816_840@qagsecomprod.oib.com,T3sting1,bUC59UC59U
gsui_20141021_111820_996@qagsecomprod.oib.com,T3sting1,o%#rg05%#r
gsui_20141021_111824_203@qagsecomprod.oib.com,T3sting1,tDG34DG34%
gsui_20141021_111827_023@qagsecomprod.oib.com,T3sting1,ygk08@##%#
gsui_20141021_111830_595@qagsecomprod.oib.com,T3sting1,eot64$%OTf
gsui_20141021_111834_374@qagsecomprod.oib.com,T3sting1,w$0141OJ41
gsui_20141021_111838_608@qagsecomprod.oib.com,T3sting1,mJEdt01@$J
gsui_20141021_111841_376@qagsecomprod.oib.com,T3sting1,sxeUK%@651
gsui_20141021_111844_123@qagsecomprod.oib.com,T3sting1,v19TV19TV1
gsui_20141021_111847_873@qagsecomprod.oib.com,T3sting1,q%$wb@#81#
gsui_20141021_111851_018@qagsecomprod.oib.com,T3sting1,eSV48SV48#
gsui_20141021_111854_236@qagsecomprod.oib.com,T3sting1,n64VF64VF6
gsui_20141021_111857_490@qagsecomprod.oib.com,T3sting1,eRT50RT50#
gsui_20141021_111900_724@qagsecomprod.oib.com,T3sting1,bnh68NZ%$n
gsui_20141021_111906_077@qagsecomprod.oib.com,T3sting1,gXJ49XJ49X
gsui_20141021_111909_029@qagsecomprod.oib.com,T3sting1,bBJ53WRhw@
gsui_20141021_111912_024@qagsecomprod.oib.com,T3sting1,wxh78$%@$q
gsui_20141021_111914_930@qagsecomprod.oib.com,T3sting1,r#$ls90$19
gsui_20141021_111917_736@qagsecomprod.oib.com,T3sting1,ykl21$@48E
gsui_20141021_111920_775@qagsecomprod.oib.com,T3sting1,f15ZU15ZU1
gsui_20141021_111923_444@qagsecomprod.oib.com,T3sting1,vVM38VM38a
gsui_20141021_111926_028@qagsecomprod.oib.com,T3sting1,y$#nx04BU5
gsui_20141021_111930_279@qagsecomprod.oib.com,T3sting1,nuv29$%#%v
gsui_20141021_111933_253@qagsecomprod.oib.com,T3sting1,g36tm%@TY0
gsui_20141021_111937_420@qagsecomprod.oib.com,T3sting1,s21BA@#et3
gsui_20141021_111941_152@qagsecomprod.oib.com,T3sting1,g23$40@$SF
gsui_20141021_111944_035@qagsecomprod.oib.com,T3sting1,h26KX%3826
gsui_20141021_111946_849@qagsecomprod.oib.com,T3sting1,m@$62zplrB
gsui_20141021_111949_189@qagsecomprod.oib.com,T3sting1,mtu23#$UN0
gsui_20141021_111952_220@qagsecomprod.oib.com,T3sting1,i13$@td13$
gsui_20141021_111955_308@qagsecomprod.oib.com,T3sting1,m51$#gzZNX
gsui_20141021_111958_460@qagsecomprod.oib.com,T3sting1,rBS8452%@r
gsui_20141021_112001_441@qagsecomprod.oib.com,T3sting1,t$%XW40XW4
gsui_20141021_112006_679@qagsecomprod.oib.com,T3sting1,u67ltJQ$%#
gsui_20141021_112010_915@qagsecomprod.oib.com,T3sting1,aCK3207##$
gsui_20141021_112013_313@qagsecomprod.oib.com,T3sting1,uxt89#$%96
gsui_20141021_112016_190@qagsecomprod.oib.com,T3sting1,pKV96ba18#
gsui_20141021_112019_802@qagsecomprod.oib.com,T3sting1,i@14yx59@%
gsui_20141021_112022_631@qagsecomprod.oib.com,T3sting1,qXL49tb%@A
gsui_20141021_112025_683@qagsecomprod.oib.com,T3sting1,b31OY31OY#
gsui_20141021_112028_550@qagsecomprod.oib.com,T3sting1,j83rc@#ZX8
gsui_20141021_112032_628@qagsecomprod.oib.com,T3sting1,h#$89TL#$a
gsui_20141021_112035_102@qagsecomprod.oib.com,T3sting1,x20xi$#ICH
gsui_20141021_112038_291@qagsecomprod.oib.com,T3sting1,d%$80yq%20
gsui_20141021_112040_694@qagsecomprod.oib.com,T3sting1,r#$39ZGprU
gsui_20141021_112043_112@qagsecomprod.oib.com,T3sting1,x@#81#50%#
gsui_20141021_112046_855@qagsecomprod.oib.com,T3sting1,ljs#%97IF%
gsui_20141021_112049_613@qagsecomprod.oib.com,T3sting1,b@$@$63%UK
gsui_20141021_112052_321@qagsecomprod.oib.com,T3sting1,j#@57CN$#t
gsui_20141021_112054_987@qagsecomprod.oib.com,T3sting1,kZX09SUhq@
gsui_20141021_112057_403@qagsecomprod.oib.com,T3sting1,cjx42#%jx4
gsui_20141021_112100_416@qagsecomprod.oib.com,T3sting1,ePH0814dr%
gsui_20141021_112106_673@qagsecomprod.oib.com,T3sting1,t98ZS32yoY
gsui_20141021_112109_747@qagsecomprod.oib.com,T3sting1,sXF94XF94X
gsui_20141021_112112_716@qagsecomprod.oib.com,T3sting1,l19VQ@%sm8
gsui_20141021_112116_990@qagsecomprod.oib.com,T3sting1,h92$RO72RO
gsui_20141021_112121_619@qagsecomprod.oib.com,T3sting1,lGZ49QX$%m
gsui_20141021_112124_856@qagsecomprod.oib.com,T3sting1,tOY86bf%#O
gsui_20141021_112128_428@qagsecomprod.oib.com,T3sting1,h$#YSyq#@2
gsui_20141021_112131_493@qagsecomprod.oib.com,T3sting1,hAI15AI15A
gsui_20141021_112134_600@qagsecomprod.oib.com,T3sting1,mUK27#%jd8
